version 1
nodes
  0 "Base"  -1
  1 "Pump"   0
  2 "Bolt"   0
  3 "Cover"   0
  4 "Shell"   0
  5 "Stock"   0
  6 "Stock_flip"   5
  7 "Trigger"   0
  8 "Holder"   0
  9 "Pin"   8
 10 "Hand_Mesh"  -1
 11 "Left_Hand_C"  -1
 12 "IK Chain02"  11
 13 "Dummy01"  -1
 14 "Right_U_Arm"  13
 15 "Right_L_Arm"  14
 16 "Right_L_Arm_End"  15
 17 "Right_Hand"  15
 18 "Bone22"  17
 19 "Bone23"  18
 20 "Bone24"  19
 21 "Bone25"  20
 22 "Right_Hand_End"  17
 23 "Bone06"  17
 24 "Bone07"  23
 25 "Bone08"  24
 26 "Bone09"  25
 27 "Bone10"  17
 28 "Bone11"  27
 29 "Bone12"  28
 30 "Bone13"  29
 31 "Bone14"  17
 32 "Bone15"  31
 33 "Bone16"  32
 34 "Bone17"  33
 35 "Bone18"  17
 36 "Bone19"  35
 37 "Bone20"  36
 38 "Bone21"  37
 39 "Dummy02"  -1
 40 "Left_U_Arm"  39
 41 "Left_L_Arm"  40
 42 "Left_Hand"  41
 43 "Left_thumb_1"  42
 44 "Left_thumb_2"  43
 45 "Left_thumb_3"  44
 46 "Left_ring_1"  42
 47 "Left_ring_2"  46
 48 "Left_ring_3"  47
 49 "Left_pingky_1"  42
 50 "Left_pingky_2"  49
 51 "Left_pingky_3"  50
 52 "Left_middle_1"  42
 53 "Left_middle_2"  52
 54 "Left_middle_3"  53
 55 "Left_Hand_End"  42
 56 "Left_point_1"  42
 57 "Left_point_2"  56
 58 "Left_point_3"  57
 59 "Left_L_Arm_End"  41
 60 "Right_Hand_C"  -1
 61 "IK Chain01"  60
end
skeleton
time 0
  0 -6.013859 -10.217499 -0.139997 -1.010440 -0.606320 0.003472
  1 0.250197 -3.917488 -0.099873 0.000000 -0.000000 0.000000
  2 0.337618 4.930948 0.877138 0.000000 -0.000000 0.000000
  3 0.249743 5.375675 -0.431248 0.000000 -0.000000 0.000000
  4 0.145597 21.588617 -5.580589 0.000000 -0.000000 0.000000
  5 0.241868 9.046291 0.896507 0.000000 -0.000000 0.000000
  6 0.000303 8.159075 -1.557893 0.000000 0.000000 0.000000
  7 0.246663 7.851890 -0.926848 0.000000 -0.000000 0.000000
  8 -2.477793 12.401383 4.136672 0.000000 -0.000000 0.000000
  9 0.000000 0.000000 0.000000 0.000000 0.000000 0.000000
 10 0.000000 -15.653315 -6.600977 0.000000 0.000000 0.000000
 11 3.006615 -4.962798 -9.176221 -0.772381 -0.587343 -0.002265
 12 0.000000 0.000000 -0.000000 0.000000 0.000000 0.000000
 13 -9.259155 0.805164 -5.542013 0.000000 -1.547455 0.000000
 14 -0.000000 0.000000 -0.000000 1.296971 0.280080 -2.225587
 15 8.403362 0.000000 -0.000001 0.000000 1.540369 0.000000
 16 8.136638 -0.000001 0.000002 -1.570796 -0.032553 -0.000000
 17 8.136637 0.000008 0.000006 -1.745846 0.373771 0.153611
 18 1.369795 0.361444 1.237272 1.175074 -0.347333 0.479992
 19 1.320668 -0.000001 0.000001 0.201328 -0.139079 -0.045485
 20 1.066025 -0.000000 -0.000000 -0.014471 -0.113783 0.196807
 21 1.039343 -0.000001 0.000000 1.325744 0.991426 2.013611
 22 2.457049 -0.024848 0.014095 -0.000072 -0.005736 -0.010113
 23 3.525410 -0.419243 0.945132 1.631625 0.008362 0.158532
 24 1.209883 -0.000000 0.000000 0.003943 0.285298 -0.018611
 25 0.743917 0.000000 0.000001 -0.001656 0.963273 -0.092843
 26 0.794889 -0.000000 -0.000000 -0.000005 0.704556 -0.000608
 27 3.414728 -0.449902 0.223652 1.656016 0.086751 0.789677
 28 1.390921 -0.000001 0.000000 -0.004769 1.284870 -0.018048
 29 0.906346 0.000001 0.000000 0.006062 -0.433839 0.045570
 30 0.776324 0.000000 -0.000000 0.001079 0.866577 0.033798
 31 3.289557 -0.311000 -0.505976 1.664984 0.015731 0.920761
 32 1.262953 -0.000000 0.000000 0.410302 1.354679 0.453063
 33 0.919429 -0.000000 0.000000 -0.052499 -0.297525 0.013980
 34 0.803004 -0.000001 -0.000001 -0.163064 1.145489 -1.117549
 35 3.167419 -0.097637 -1.197365 1.820246 -0.117708 1.277628
 36 0.817884 -0.000000 0.000000 0.142196 1.147469 0.122418
 37 0.708995 -0.000000 0.000000 -0.039911 -0.253101 0.086949
 38 0.794784 -0.000000 -0.000000 -1.042950 1.141227 -1.966856
 39 5.566999 5.667288 -6.998626 0.000000 0.000000 0.000000
 40 0.000000 0.000000 0.000000 -1.427061 0.134575 -0.983897
 41 8.403364 0.000001 -0.000001 0.000000 1.662462 0.000000
 42 8.136636 -0.000007 0.000004 2.784297 -0.352030 -0.834928
 43 1.369793 -0.361442 1.237272 -1.083484 -0.296006 -0.814669
 44 1.320668 0.000002 -0.000001 -0.218662 -0.109509 0.185068
 45 1.066023 -0.000000 -0.000000 -0.025949 -0.111735 0.158666
 46 3.289559 0.311001 -0.505977 -1.453034 0.120653 -0.193794
 47 1.262953 0.000000 -0.000001 -0.165403 0.095536 -0.131388
 48 0.919429 0.000003 -0.000001 0.065729 0.466291 0.035676
 49 3.167420 0.097638 -1.197364 -1.566693 0.096326 -0.115462
 50 0.817882 -0.000000 -0.000001 -0.074135 0.228043 -0.018411
 51 0.708995 0.000002 -0.000000 0.042545 0.243880 -0.065339
 52 3.414729 0.449902 0.223653 -1.410808 0.017353 -0.032359
 53 1.390922 0.000002 -0.000000 0.005510 0.442073 0.018246
 54 0.906347 -0.000000 0.000000 -0.006062 -0.025543 -0.045570
 55 2.457049 0.024849 0.014095 0.000072 -0.005736 0.010114
 56 3.525410 0.419243 0.945132 -1.645981 -0.065647 0.003740
 57 1.209882 -0.000002 -0.000001 -0.003943 0.096975 0.018610
 58 0.743920 -0.000000 -0.000000 0.001656 0.186703 0.092843
 59 8.136638 0.000001 -0.000001 1.570797 -0.032533 -0.000000
 60 -4.789951 -10.075362 -4.178403 1.568846 -2.800117 -1.447949
 61 0.008385 -0.048311 -0.069476 0.000000 0.000000 -0.000000
time 1
  0 -6.056847 -10.217499 -0.102801 -1.010440 -0.602368 0.001767
  1 0.250197 -3.917488 -0.099873 0.000000 0.000000 0.000000
  2 0.337617 4.930949 0.877138 0.000000 0.000000 0.000000
  3 0.249742 5.375675 -0.431248 0.000000 0.000000 0.000000
  4 0.145595 21.588619 -5.580590 0.000000 0.000000 0.000000
  5 0.241867 9.046291 0.896506 0.000000 0.000000 0.000000
  6 0.000304 8.159075 -1.557893 0.000000 0.000000 0.000000
  7 0.246663 7.851890 -0.926848 0.000000 0.000000 0.000000
  8 -2.477793 12.401384 4.136672 0.000000 0.000000 0.000000
  9 0.000000 0.000000 -0.000000 0.000000 0.000000 0.000000
 10 0.000000 -15.653315 -6.600977 0.000000 0.000000 0.000000
 11 2.409052 -5.336414 -8.975851 -0.879630 -0.687079 -0.069818
 12 -0.000000 -0.000000 0.000000 0.000000 0.000000 0.000000
 13 -9.259155 0.805164 -5.542013 0.000000 -1.547455 0.000000
 14 -0.000000 0.000000 -0.000000 1.334516 0.256473 -2.183665
 15 8.403361 0.000000 -0.000001 -0.000000 1.487098 -0.000000
 16 8.136637 -0.000001 0.000001 -1.570796 -0.032553 0.000000
 17 8.136636 0.000008 0.000005 -1.713199 0.388132 0.135592
 18 1.369794 0.361443 1.237272 1.175075 -0.347333 0.479992
 19 1.320667 -0.000000 -0.000000 0.201328 -0.139079 -0.045485
 20 1.066025 -0.000000 -0.000000 -0.014471 -0.113783 0.196807
 21 1.039343 -0.000001 0.000000 1.325744 0.991426 2.013611
 22 2.457048 -0.024848 0.014095 -0.000072 -0.005736 -0.010113
 23 3.525410 -0.419243 0.945132 1.628134 0.019101 0.139269
 24 1.209883 -0.000000 0.000000 0.003943 0.152116 -0.018611
 25 0.743917 -0.000000 -0.000001 -0.001656 0.643767 -0.092843
 26 0.794889 -0.000000 0.000001 -0.000005 0.704556 -0.000608
 27 3.414727 -0.449901 0.223652 1.652897 0.097904 0.602836
 28 1.390921 -0.000001 0.000000 -0.004769 0.938704 -0.018048
 29 0.906346 0.000001 0.000001 0.006062 -0.292296 0.045570
 30 0.776325 -0.000000 -0.000000 0.001079 0.866577 0.033798
 31 3.289557 -0.311001 -0.505976 1.633955 0.066480 0.710851
 32 1.262953 -0.000000 0.000000 0.326160 0.990049 0.347750
 33 0.919429 0.000001 0.000000 -0.051950 -0.197729 0.008846
 34 0.803004 -0.000001 -0.000001 -0.163064 1.145489 -1.117549
 35 3.167419 -0.097637 -1.197365 1.760000 -0.035353 0.976651
 36 0.817884 -0.000000 0.000000 0.120854 0.910541 0.092367
 37 0.708995 0.000000 0.000000 -0.039911 -0.253101 0.086949
 38 0.794783 -0.000000 -0.000000 -1.042950 1.141227 -1.966856
 39 5.566999 5.667288 -6.998626 0.000000 0.000000 0.000000
 40 0.000000 0.000000 0.000000 -1.450426 0.121792 -1.067083
 41 8.403364 0.000000 -0.000001 0.000000 1.584376 0.000000
 42 8.136635 -0.000008 0.000003 2.788824 -0.195721 -0.764713
 43 1.369793 -0.361443 1.237272 -1.094893 -0.193945 -0.753658
 44 1.320668 0.000002 -0.000001 -0.218662 -0.109509 0.185068
 45 1.066023 -0.000000 -0.000000 -0.025949 -0.111735 0.158666
 46 3.289558 0.311001 -0.505977 -1.483340 0.105983 -0.319158
 47 1.262953 -0.000000 -0.000000 -0.276023 0.438218 -0.262527
 48 0.919429 0.000002 -0.000001 0.083124 0.651564 0.058748
 49 3.167420 0.097638 -1.197364 -1.569418 0.092065 -0.239511
 50 0.817882 -0.000000 -0.000001 -0.097510 0.483291 -0.051532
 51 0.708995 0.000002 -0.000000 0.047605 0.413576 -0.055755
 52 3.414728 0.449902 0.223653 -1.454876 0.016230 -0.193644
 53 1.390922 0.000001 -0.000000 0.005510 0.727645 0.018246
 54 0.906347 0.000000 0.000000 -0.006062 0.194963 -0.045570
 55 2.457048 0.024849 0.014095 0.000073 -0.005736 0.010114
 56 3.525410 0.419244 0.945132 -1.626772 -0.054295 -0.017556
 57 1.209882 -0.000002 -0.000000 -0.003943 0.206567 0.018610
 58 0.743920 0.000000 0.000000 0.001656 0.277769 0.092843
 59 8.136639 0.000001 -0.000001 1.570797 -0.032533 -0.000000
 60 -5.151112 -10.522983 -4.016215 -1.568583 -0.341943 1.690543
 61 0.008386 -0.048311 -0.069476 -0.000000 -0.000000 -0.000000
time 2
  0 -6.098865 -10.217499 -0.066968 -1.010440 -0.592177 -0.003043
  1 0.250197 -3.917488 -0.099874 -0.000000 -0.000000 0.000000
  2 0.337618 4.930949 0.877138 -0.000000 -0.000000 0.000000
  3 0.249743 5.375675 -0.431249 -0.000000 -0.000000 0.000000
  4 0.145597 21.588619 -5.580590 -0.000000 -0.000000 0.000000
  5 0.241868 9.046291 0.896506 -0.000000 -0.000000 0.000000
  6 0.000303 8.159075 -1.557893 0.000000 0.000000 0.000000
  7 0.246663 7.851889 -0.926848 -0.000000 -0.000000 0.000000
  8 -2.477793 12.401383 4.136672 -0.000000 -0.000000 0.000000
  9 -0.000000 0.000000 0.000000 0.000000 0.000000 0.000000
 10 0.000000 -15.653315 -6.600977 0.000000 0.000000 0.000000
 11 1.772143 -5.732545 -8.821725 -0.977072 -0.778161 -0.151129
 12 0.000000 0.000000 0.000000 0.000000 0.000000 0.000000
 13 -9.259155 0.805164 -5.542013 0.000000 -1.547455 0.000000
 14 -0.000000 0.000000 -0.000000 1.401242 0.210767 -2.093072
 15 8.403362 0.000000 -0.000000 -0.000000 1.361780 -0.000000
 16 8.136637 -0.000001 0.000001 -1.570796 -0.032553 -0.000000
 17 8.136636 0.000008 0.000005 -1.658432 0.427265 0.098540
 18 1.369794 0.361444 1.237272 1.175075 -0.347333 0.479992
 19 1.320667 -0.000001 -0.000000 0.201328 -0.139079 -0.045485
 20 1.066025 0.000000 0.000000 -0.014471 -0.113783 0.196807
 21 1.039344 -0.000001 0.000000 1.325745 0.991426 2.013611
 22 2.457049 -0.024847 0.014095 -0.000072 -0.005736 -0.010113
 23 3.525410 -0.419242 0.945131 1.626444 0.039332 0.098708
 24 1.209883 -0.000000 -0.000000 0.003943 -0.095222 -0.018611
 25 0.743918 0.000000 0.000001 -0.001656 0.310235 -0.092843
 26 0.794890 0.000000 0.000000 -0.000005 0.704556 -0.000608
 27 3.414728 -0.449901 0.223652 1.651113 0.103398 0.255845
 28 1.390921 0.000000 0.000000 -0.004769 0.295826 -0.018048
 29 0.906346 0.000000 -0.000000 0.006062 -0.029430 0.045570
 30 0.776325 -0.000000 -0.000000 0.001079 0.866577 0.033798
 31 3.289557 -0.311000 -0.505976 1.616088 0.160728 0.321019
 32 1.262953 -0.000000 0.000000 0.169898 0.312878 0.152168
 33 0.919429 0.000000 0.000000 -0.050931 -0.012393 -0.000690
 34 0.803004 -0.000001 0.000000 -0.163064 1.145489 -1.117549
 35 3.167419 -0.097637 -1.197365 1.681679 0.117593 0.417693
 36 0.817884 0.000000 -0.000000 0.081220 0.470533 0.036556
 37 0.708995 0.000000 0.000000 -0.039911 -0.253101 0.086949
 38 0.794783 -0.000000 -0.000000 -1.042950 1.141227 -1.966856
 39 5.566999 5.667288 -6.998626 0.000000 0.000000 0.000000
 40 0.000000 0.000000 0.000000 -1.469864 0.111947 -1.155714
 41 8.403364 0.000001 -0.000001 -0.000000 1.491326 -0.000000
 42 8.136636 -0.000007 0.000003 2.778489 -0.023671 -0.703462
 43 1.369794 -0.361442 1.237272 -1.116082 -0.004404 -0.640354
 44 1.320668 0.000002 -0.000001 -0.218662 -0.109509 0.185068
 45 1.066023 0.000000 0.000000 -0.025949 -0.111735 0.158666
 46 3.289559 0.311002 -0.505976 -1.539622 0.078739 -0.551975
 47 1.262953 0.000000 -0.000001 -0.481459 1.074628 -0.506070
 48 0.919429 0.000002 -0.000000 0.115429 0.995643 0.101597
 49 3.167420 0.097638 -1.197363 -1.574477 0.084151 -0.469889
 50 0.817882 -0.000001 -0.000001 -0.140922 0.957323 -0.113042
 51 0.708995 0.000002 -0.000000 0.057001 0.728725 -0.037957
 52 3.414729 0.449902 0.223654 -1.536716 0.014143 -0.493174
 53 1.390922 0.000002 -0.000000 0.005510 1.257993 0.018246
 54 0.906348 -0.000000 0.000001 -0.006062 0.604473 -0.045570
 55 2.457049 0.024850 0.014095 0.000073 -0.005736 0.010114
 56 3.525410 0.419244 0.945133 -1.591098 -0.033212 -0.057105
 57 1.209882 -0.000002 -0.000000 -0.003943 0.410095 0.018610
 58 0.743920 -0.000000 -0.000000 0.001656 0.446893 0.092843
 59 8.136639 0.000001 -0.000001 1.570797 -0.032533 -0.000000
 60 -5.858324 -11.419598 -3.652829 -1.557836 -0.343124 1.682123
 61 0.008386 -0.048311 -0.069476 -0.000000 -0.000000 -0.000000
time 3
  0 -6.137856 -10.217499 -0.034087 -1.010440 -0.578242 -0.010500
  1 0.250197 -3.917488 -0.099874 0.000000 0.000000 -0.000000
  2 0.337618 4.930949 0.877138 0.000000 0.000000 -0.000000
  3 0.249743 5.375676 -0.431248 0.000000 0.000000 -0.000000
  4 0.145598 21.588619 -5.580590 0.000000 0.000000 -0.000000
  5 0.241868 9.046291 0.896506 0.000000 0.000000 -0.000000
  6 0.000304 8.159075 -1.557893 0.000000 0.000000 0.000000
  7 0.246663 7.851890 -0.926848 0.000000 0.000000 -0.000000
  8 -2.477793 12.401383 4.136672 0.000000 0.000000 -0.000000
  9 0.000000 -0.000000 0.000000 0.000000 0.000000 0.000000
 10 0.000000 -15.653315 -6.600977 0.000000 0.000000 0.000000
 11 1.643629 -5.790071 -8.897479 -0.979920 -0.764377 -0.156601
 12 0.000000 -0.000000 -0.000000 0.000000 0.000000 0.000000
 13 -9.259155 0.805164 -5.542013 0.000000 -1.547455 0.000000
 14 -0.000000 0.000000 -0.000000 1.449034 0.171674 -2.002075
 15 8.403361 -0.000000 -0.000000 -0.000000 1.245350 -0.000000
 16 8.136638 -0.000001 0.000001 -1.570796 -0.032553 -0.000000
 17 8.136638 0.000008 0.000005 -1.625687 0.454782 0.064403
 18 1.369795 0.361443 1.237272 1.175074 -0.347333 0.479992
 19 1.320667 -0.000001 -0.000000 0.201328 -0.139079 -0.045485
 20 1.066025 0.000000 0.000000 -0.014471 -0.113783 0.196807
 21 1.039344 -0.000002 -0.000000 1.325744 0.991426 2.013611
 22 2.457049 -0.024848 0.014094 -0.000072 -0.005736 -0.010113
 23 3.525410 -0.419243 0.945132 1.626003 0.051078 0.062693
 24 1.209883 -0.000001 -0.000000 0.003943 -0.228405 -0.018611
 25 0.743918 0.000001 0.000001 -0.001656 0.156079 -0.092843
 26 0.794889 -0.000001 -0.000000 -0.000005 0.704556 -0.000608
 27 3.414728 -0.449902 0.223652 1.650545 0.104866 0.069004
 28 1.390921 -0.000000 0.000001 -0.004769 -0.050340 -0.018048
 29 0.906346 -0.000000 -0.000000 0.006062 0.112113 0.045570
 30 0.776325 0.000000 -0.000000 0.001079 0.866577 0.033798
 31 3.289557 -0.311001 -0.505976 1.610359 0.211477 0.111109
 32 1.262953 -0.000000 -0.000000 0.085756 -0.051753 0.046855
 33 0.919429 0.000001 0.000001 -0.050383 0.087403 -0.005825
 34 0.803004 0.000000 0.000000 -0.163064 1.145489 -1.117549
 35 3.167419 -0.097638 -1.197365 1.642792 0.199949 0.116716
 36 0.817884 -0.000000 -0.000000 0.059878 0.233605 0.006504
 37 0.708995 0.000001 0.000000 -0.039911 -0.253101 0.086949
 38 0.794783 0.000000 0.000000 -1.042950 1.141227 -1.966856
 39 5.566999 5.667288 -6.998626 0.000000 0.000000 0.000000
 40 0.000000 0.000000 0.000000 -1.467591 0.116558 -1.173112
 41 8.403364 0.000001 -0.000001 0.000000 1.472371 0.000000
 42 8.136636 -0.000008 0.000003 2.769048 -0.017711 -0.719126
 43 1.369794 -0.361442 1.237271 -1.127491 0.097656 -0.579344
 44 1.320668 0.000002 -0.000001 -0.218662 -0.109509 0.185068
 45 1.066023 0.000000 0.000000 -0.025949 -0.111735 0.158666
 46 3.289558 0.311001 -0.505976 -1.569928 0.064069 -0.677339
 47 1.262952 -0.000001 -0.000001 -0.592079 1.417311 -0.637209
 48 0.919429 0.000001 -0.000000 0.132824 1.180916 0.124669
 49 3.167420 0.097638 -1.197364 -1.577201 0.079890 -0.593938
 50 0.817882 -0.000001 -0.000001 -0.164298 1.212571 -0.146163
 51 0.708994 0.000002 0.000000 0.062061 0.898421 -0.028374
 52 3.414728 0.449902 0.223654 -1.580784 0.013019 -0.654459
 53 1.390922 0.000002 -0.000001 0.005510 1.543565 0.018246
 54 0.906348 -0.000001 0.000001 -0.006062 0.824979 -0.045570
 55 2.457048 0.024849 0.014095 0.000073 -0.005736 0.010114
 56 3.525410 0.419243 0.945132 -1.571888 -0.021860 -0.078400
 57 1.209881 -0.000002 -0.000000 -0.003943 0.519687 0.018610
 58 0.743920 -0.000000 -0.000000 0.001656 0.537959 0.092843
 59 8.136639 0.000000 -0.000001 1.570797 -0.032533 -0.000000
 60 -6.470445 -12.098103 -3.168731 -1.543127 -0.344680 1.669707
 61 0.008386 -0.048311 -0.069476 0.000000 -0.000000 -0.000000
time 4
  0 -6.171763 -10.217499 -0.005748 -1.010440 -0.563060 -0.020144
  1 0.250196 -3.917488 -0.099874 -0.000000 0.000000 0.000000
  2 0.337618 4.930949 0.877138 -0.000000 0.000000 0.000000
  3 0.249743 5.375675 -0.431249 -0.000000 0.000000 0.000000
  4 0.145597 21.588617 -5.580589 -0.000000 0.000000 0.000000
  5 0.241868 9.046291 0.896506 -0.000000 0.000000 0.000000
  6 0.000304 8.159075 -1.557892 0.000000 0.000000 0.000000
  7 0.246663 7.851890 -0.926848 -0.000000 0.000000 0.000000
  8 -2.477793 12.401384 4.136672 -0.000000 0.000000 0.000000
  9 -0.000000 0.000000 0.000000 0.000000 0.000000 0.000000
 10 0.000000 -15.653315 -6.600977 0.000000 0.000000 0.000000
 11 1.516631 -5.862592 -8.985543 -0.982939 -0.749354 -0.164172
 12 0.000000 -0.000000 -0.000000 0.000000 0.000000 0.000000
 13 -9.259155 0.805164 -5.542013 0.000000 -1.547455 0.000000
 14 -0.000000 0.000000 -0.000000 1.471103 0.149201 -1.921619
 15 8.403361 -0.000000 -0.000001 -0.000000 1.191558 -0.000000
 16 8.136638 -0.000002 0.000000 -1.570796 -0.032553 -0.000000
 17 8.136637 0.000007 0.000004 -1.617316 0.427951 0.044038
 18 1.369795 0.361443 1.237272 1.175074 -0.347333 0.479992
 19 1.320667 -0.000001 -0.000001 0.201328 -0.139079 -0.045485
 20 1.066025 0.000000 -0.000000 -0.014471 -0.113783 0.196807
 21 1.039343 -0.000002 -0.000000 1.325745 0.991426 2.013611
 22 2.457049 -0.024849 0.014095 -0.000072 -0.005736 -0.010113
 23 3.525410 -0.419243 0.945132 1.631829 0.052196 0.037286
 24 1.209883 -0.000000 0.000001 0.003943 -0.095222 -0.018611
 25 0.743918 -0.000000 0.000001 -0.001656 0.413290 -0.092843
 26 0.794890 0.000000 0.000000 -0.000005 0.704556 -0.000608
 27 3.414728 -0.449902 0.223653 1.661712 0.089803 0.195876
 28 1.390921 -0.000000 0.000000 -0.004769 0.295826 -0.018048
 29 0.906346 0.000000 0.000000 0.006062 -0.029430 0.045570
 30 0.776325 0.000000 0.000000 0.001079 0.866577 0.033798
 31 3.289557 -0.311002 -0.505976 1.649716 0.185743 0.278590
 32 1.262953 -0.000000 -0.000001 0.169898 0.312878 0.152168
 33 0.919429 0.000000 0.000000 -0.050931 -0.012393 -0.000690
 34 0.803003 0.000000 -0.000000 -0.163064 1.145489 -1.117549
 35 3.167419 -0.097638 -1.197365 1.692104 0.138166 0.379264
 36 0.817884 0.000000 -0.000000 0.081220 0.470533 0.036556
 37 0.708995 -0.000000 0.000001 -0.039911 -0.253101 0.086949
 38 0.794783 -0.000000 0.000000 -1.042950 1.141227 -1.966856
 39 5.566999 5.667288 -6.998626 0.000000 0.000000 0.000000
 40 0.000000 0.000000 0.000000 -1.465111 0.121918 -1.191334
 41 8.403364 0.000002 -0.000001 -0.000000 1.450243 -0.000000
 42 8.136636 -0.000008 0.000004 2.756429 -0.008365 -0.736076
 43 1.369794 -0.361442 1.237272 -1.127491 0.097656 -0.579344
 44 1.320668 0.000002 -0.000001 -0.218662 -0.109509 0.185068
 45 1.066023 0.000000 0.000000 -0.025949 -0.111735 0.158666
 46 3.289559 0.311001 -0.505976 -1.569928 0.064069 -0.677339
 47 1.262953 -0.000000 -0.000001 -0.592079 1.417311 -0.637209
 48 0.919429 0.000002 -0.000000 0.132824 1.180916 0.124669
 49 3.167420 0.097638 -1.197364 -1.577201 0.079890 -0.593938
 50 0.817882 0.000001 -0.000001 -0.164298 1.212571 -0.146163
 51 0.708995 0.000002 -0.000000 0.062061 0.898421 -0.028374
 52 3.414729 0.449902 0.223654 -1.580784 0.013019 -0.654459
 53 1.390922 0.000001 -0.000000 0.005511 1.543565 0.018247
 54 0.906347 0.000000 0.000001 -0.006062 0.824979 -0.045570
 55 2.457049 0.024849 0.014095 0.000073 -0.005736 0.010114
 56 3.525410 0.419244 0.945132 -1.571888 -0.021860 -0.078400
 57 1.209882 -0.000002 -0.000000 -0.003943 0.519687 0.018610
 58 0.743920 0.000000 0.000000 0.001656 0.537959 0.092843
 59 8.136639 0.000000 -0.000000 1.570797 -0.032533 -0.000000
 60 -6.815025 -12.277746 -2.422756 -1.527083 -0.346297 1.654630
 61 0.008386 -0.048311 -0.069476 0.000000 -0.000000 -0.000000
time 5
  0 -6.198530 -10.217499 0.016462 -1.010440 -0.549125 -0.031517
  1 0.250197 -3.917488 -0.099874 0.000000 0.000000 0.000000
  2 0.337617 4.930948 0.877138 0.000000 0.000000 0.000000
  3 0.249742 5.375675 -0.431249 0.000000 0.000000 0.000000
  4 0.145595 21.588617 -5.580590 0.000000 0.000000 0.000000
  5 0.241867 9.046291 0.896506 0.000000 0.000000 0.000000
  6 0.000304 8.159074 -1.557893 0.000000 0.000000 0.000000
  7 0.246663 7.851889 -0.926848 0.000000 0.000000 0.000000
  8 -2.477793 12.401383 4.136672 0.000000 0.000000 0.000000
  9 0.000000 0.000000 -0.000000 0.000000 0.000000 0.000000
 10 0.000000 -15.653315 -6.600977 0.000000 0.000000 0.000000
 11 1.413092 -5.946345 -9.068349 -0.985636 -0.735562 -0.173721
 12 0.000000 0.000000 -0.000000 0.000000 0.000000 0.000000
 13 -9.259155 0.805164 -5.542013 0.000000 -1.547455 0.000000
 14 -0.000000 0.000000 -0.000000 1.483632 0.135566 -1.842511
 15 8.403361 0.000000 -0.000001 -0.000000 1.157152 -0.000000
 16 8.136638 -0.000001 0.000002 -1.570796 -0.032553 0.000000
 17 8.136637 0.000008 0.000006 -1.617708 0.382239 0.031503
 18 1.369795 0.361443 1.237272 1.175075 -0.347333 0.479992
 19 1.320668 -0.000001 0.000000 0.201328 -0.139079 -0.045485
 20 1.066025 0.000000 -0.000000 -0.014471 -0.113783 0.196807
 21 1.039344 -0.000001 -0.000000 1.325744 0.991426 2.013611
 22 2.457049 -0.024849 0.014095 -0.000072 -0.005736 -0.010113
 23 3.525410 -0.419243 0.945132 1.642647 0.052689 0.016425
 24 1.209883 -0.000000 -0.000000 0.003943 0.152116 -0.018611
 25 0.743917 0.000000 -0.000000 -0.001656 0.890969 -0.092843
 26 0.794889 0.000000 0.000000 -0.000005 0.704556 -0.000608
 27 3.414728 -0.449902 0.223652 1.682450 0.061827 0.431497
 28 1.390921 -0.000001 -0.000000 -0.004769 0.938704 -0.018048
 29 0.906346 0.000000 0.000000 0.006062 -0.292296 0.045570
 30 0.776325 -0.000000 -0.000001 0.001079 0.866577 0.033798
 31 3.289557 -0.311002 -0.505976 1.722807 0.137951 0.589626
 32 1.262953 -0.000000 -0.000000 0.326160 0.990049 0.347750
 33 0.919429 0.000001 0.000000 -0.051950 -0.197729 0.008846
 34 0.803004 -0.000000 -0.000001 -0.163064 1.145489 -1.117549
 35 3.167419 -0.097638 -1.197365 1.783683 0.023428 0.866855
 36 0.817884 -0.000000 -0.000000 0.120854 0.910541 0.092367
 37 0.708995 -0.000000 0.000000 -0.039911 -0.253101 0.086949
 38 0.794783 -0.000000 -0.000000 -1.042950 1.141227 -1.966856
 39 5.566999 5.667288 -6.998626 0.000000 0.000000 0.000000
 40 0.000000 0.000000 0.000000 -1.463170 0.126963 -1.207892
 41 8.403364 0.000001 -0.000002 0.000000 1.427022 0.000000
 42 8.136636 -0.000008 0.000004 2.741062 0.004305 -0.751153
 43 1.369794 -0.361442 1.237272 -1.127491 0.097656 -0.579344
 44 1.320668 0.000002 -0.000001 -0.218662 -0.109509 0.185068
 45 1.066023 0.000000 -0.000000 -0.025949 -0.111735 0.158666
 46 3.289559 0.311002 -0.505976 -1.569928 0.064069 -0.677339
 47 1.262952 -0.000001 -0.000001 -0.592079 1.417311 -0.637209
 48 0.919429 0.000002 -0.000000 0.132824 1.180916 0.124669
 49 3.167421 0.097638 -1.197364 -1.577201 0.079890 -0.593938
 50 0.817882 -0.000001 -0.000001 -0.164298 1.212571 -0.146163
 51 0.708995 0.000001 -0.000000 0.062061 0.898421 -0.028374
 52 3.414729 0.449902 0.223654 -1.580784 0.013019 -0.654459
 53 1.390922 0.000002 -0.000001 0.005510 1.543565 0.018246
 54 0.906348 -0.000000 0.000001 -0.006062 0.824979 -0.045570
 55 2.457049 0.024850 0.014095 0.000073 -0.005736 0.010114
 56 3.525410 0.419244 0.945133 -1.571888 -0.021860 -0.078400
 57 1.209881 -0.000002 -0.000000 -0.003943 0.519687 0.018610
 58 0.743920 0.000000 0.000000 0.001656 0.537959 0.092843
 59 8.136639 -0.000000 -0.000000 1.570797 -0.032533 -0.000000
 60 -7.016894 -12.242652 -1.570262 -1.512341 -0.347709 1.638243
 61 0.008385 -0.048311 -0.069476 0.000000 -0.000000 -0.000000
time 6
  0 -6.216099 -10.217499 0.030953 -1.010440 -0.538934 -0.044160
  1 0.250197 -3.917488 -0.099874 0.000000 0.000000 0.000000
  2 0.337618 4.930949 0.877138 0.000000 0.000000 0.000000
  3 0.249743 5.375676 -0.431249 0.000000 0.000000 0.000000
  4 0.145596 21.588619 -5.580590 0.000000 0.000000 0.000000
  5 0.241867 9.046292 0.896506 0.000000 0.000000 0.000000
  6 0.000304 8.159075 -1.557892 0.000000 0.000000 0.000000
  7 0.246663 7.851890 -0.926848 0.000000 0.000000 0.000000
  8 -2.477793 12.401384 4.136672 0.000000 0.000000 0.000000
  9 -0.000000 -0.000000 -0.000000 0.000000 0.000000 0.000000
 10 0.000000 -15.653315 -6.600977 0.000000 0.000000 0.000000
 11 1.356035 -6.038813 -9.129545 -0.987567 -0.725473 -0.185076
 12 -0.000000 -0.000000 -0.000000 0.000000 0.000000 0.000000
 13 -9.259155 0.805164 -5.542013 0.000000 -1.547455 0.000000
 14 -0.000000 0.000000 -0.000000 1.488583 0.129652 -1.805999
 15 8.403361 -0.000000 -0.000001 0.000000 1.144946 0.000000
 16 8.136638 -0.000002 0.000001 -1.570796 -0.032553 -0.000000
 17 8.136637 0.000007 0.000005 -1.626927 0.356311 0.024388
 18 1.369795 0.361444 1.237272 1.175075 -0.347333 0.479992
 19 1.320668 -0.000000 0.000000 0.201328 -0.139079 -0.045485
 20 1.066025 0.000000 -0.000000 -0.014471 -0.113783 0.196807
 21 1.039344 -0.000001 0.000001 1.325744 0.991426 2.013611
 22 2.457049 -0.024848 0.014094 -0.000072 -0.005736 -0.010113
 23 3.525410 -0.419243 0.945132 1.648473 0.052800 0.007770
 24 1.209883 0.000000 0.000000 0.003943 0.285298 -0.018611
 25 0.743918 0.000001 0.000000 -0.001656 1.148181 -0.092843
 26 0.794890 -0.000000 -0.000000 -0.000005 0.704556 -0.000608
 27 3.414728 -0.449902 0.223652 1.693617 0.046763 0.558369
 28 1.390921 -0.000000 0.000000 -0.004769 1.284870 -0.018048
 29 0.906345 -0.000000 0.000000 0.006062 -0.433839 0.045570
 30 0.776325 -0.000000 0.000000 0.001079 0.866577 0.033798
 31 3.289557 -0.311001 -0.505976 1.762164 0.112217 0.757107
 32 1.262952 -0.000001 -0.000000 0.410302 1.354679 0.453063
 33 0.919429 -0.000000 0.000000 -0.052499 -0.297525 0.013980
 34 0.803004 -0.000001 -0.000001 -0.163064 1.145489 -1.117549
 35 3.167419 -0.097637 -1.197365 1.832995 -0.038354 1.129403
 36 0.817883 -0.000001 -0.000000 0.142196 1.147469 0.122418
 37 0.708995 -0.000000 0.000000 -0.039911 -0.253101 0.086949
 38 0.794783 -0.000000 -0.000001 -1.042950 1.141227 -1.966856
 39 5.566999 5.667288 -6.998626 0.000000 0.000000 0.000000
 40 0.000000 0.000000 0.000000 -1.462301 0.130670 -1.219823
 41 8.403364 0.000001 -0.000002 0.000000 1.405679 0.000000
 42 8.136636 -0.000008 0.000005 2.723959 0.020161 -0.761349
 43 1.369793 -0.361442 1.237272 -1.127492 0.097656 -0.579344
 44 1.320668 0.000002 -0.000000 -0.218662 -0.109509 0.185068
 45 1.066023 0.000000 0.000000 -0.025948 -0.111735 0.158666
 46 3.289559 0.311001 -0.505977 -1.569928 0.064069 -0.677339
 47 1.262953 -0.000000 -0.000001 -0.592079 1.417311 -0.637209
 48 0.919429 0.000002 -0.000000 0.132824 1.180916 0.124669
 49 3.167420 0.097638 -1.197365 -1.577201 0.079890 -0.593938
 50 0.817882 -0.000000 -0.000001 -0.164298 1.212571 -0.146164
 51 0.708994 0.000002 0.000000 0.062061 0.898421 -0.028374
 52 3.414728 0.449902 0.223653 -1.580784 0.013019 -0.654459
 53 1.390922 0.000002 -0.000000 0.005511 1.543565 0.018247
 54 0.906348 -0.000000 0.000001 -0.006062 0.824979 -0.045570
 55 2.457049 0.024849 0.014095 0.000073 -0.005736 0.010114
 56 3.525410 0.419243 0.945132 -1.571888 -0.021860 -0.078400
 57 1.209882 -0.000002 -0.000000 -0.003943 0.519687 0.018610
 58 0.743920 -0.000000 0.000000 0.001656 0.537959 0.092843
 59 8.136638 0.000000 0.000000 1.570797 -0.032533 -0.000000
 60 -7.103528 -12.181306 -1.154951 -1.501551 -0.348697 1.621918
 61 0.008387 -0.048311 -0.069476 -0.000000 -0.000000 -0.000000
time 7
  0 -6.222412 -10.217499 0.036137 -1.010440 -0.534983 -0.057614
  1 0.250197 -3.917489 -0.099874 0.000000 -0.000000 0.000000
  2 0.337618 4.930948 0.877138 0.000000 -0.000000 0.000000
  3 0.249743 5.375675 -0.431248 0.000000 -0.000000 0.000000
  4 0.145596 21.588617 -5.580588 0.000000 -0.000000 0.000000
  5 0.241867 9.046291 0.896507 0.000000 -0.000000 0.000000
  6 0.000303 8.159075 -1.557892 0.000000 0.000000 0.000000
  7 0.246663 7.851889 -0.926847 0.000000 -0.000000 0.000000
  8 -2.477793 12.401383 4.136673 0.000000 -0.000000 0.000000
  9 -0.000000 -0.000000 -0.000000 0.000000 0.000000 0.000000
 10 0.000000 -15.653315 -6.600977 0.000000 0.000000 0.000000
 11 1.369060 -6.138979 -9.153453 -0.988306 -0.721560 -0.198041
 12 -0.000000 0.000000 0.000000 0.000000 0.000000 0.000000
 13 -9.259155 0.805164 -5.542013 0.000000 -1.547455 0.000000
 14 -0.000000 0.000000 -0.000000 1.489781 0.127365 -1.806571
 15 8.403361 0.000000 -0.000001 -0.000000 1.148034 -0.000000
 16 8.136638 -0.000001 0.000002 -1.570796 -0.032553 -0.000000
 17 8.136637 0.000008 0.000006 -1.639197 0.352507 0.023202
 18 1.369795 0.361443 1.237272 1.175074 -0.347333 0.479992
 19 1.320667 -0.000000 -0.000000 0.201328 -0.139079 -0.045485
 20 1.066025 -0.000000 0.000000 -0.014471 -0.113783 0.196807
 21 1.039343 -0.000002 -0.000000 1.325744 0.991426 2.013611
 22 2.457049 -0.024848 0.014095 -0.000072 -0.005736 -0.010113
 23 3.525410 -0.419244 0.945132 1.648473 0.052800 0.007770
 24 1.209883 -0.000000 0.000000 0.003943 0.285298 -0.018611
 25 0.743918 0.000000 0.000000 -0.001656 1.148181 -0.092843
 26 0.794889 0.000000 0.000000 -0.000005 0.704556 -0.000608
 27 3.414728 -0.449902 0.223653 1.693617 0.046763 0.558369
 28 1.390921 -0.000000 0.000000 -0.004769 1.284870 -0.018048
 29 0.906346 0.000001 0.000000 0.006062 -0.433839 0.045570
 30 0.776324 -0.000000 -0.000000 0.001079 0.866577 0.033798
 31 3.289557 -0.311002 -0.505976 1.762164 0.112217 0.757107
 32 1.262952 -0.000001 0.000000 0.410301 1.354679 0.453063
 33 0.919429 0.000000 0.000000 -0.052499 -0.297525 0.013980
 34 0.803004 -0.000000 -0.000001 -0.163064 1.145489 -1.117549
 35 3.167419 -0.097638 -1.197365 1.832995 -0.038354 1.129403
 36 0.817884 -0.000000 -0.000000 0.142196 1.147469 0.122418
 37 0.708994 -0.000000 -0.000000 -0.039911 -0.253101 0.086949
 38 0.794783 -0.000001 -0.000001 -1.042950 1.141227 -1.966855
 39 5.566999 5.667288 -6.998626 0.000000 0.000000 0.000000
 40 0.000000 0.000000 0.000000 -1.462984 0.132088 -1.224537
 41 8.403364 0.000001 -0.000001 0.000000 1.388341 0.000000
 42 8.136635 -0.000007 0.000004 2.706084 0.039656 -0.763788
 43 1.369794 -0.361442 1.237272 -1.127491 0.097656 -0.579344
 44 1.320668 0.000001 -0.000001 -0.218662 -0.109509 0.185068
 45 1.066022 -0.000000 0.000000 -0.025949 -0.111735 0.158666
 46 3.289558 0.311001 -0.505976 -1.569928 0.064069 -0.677339
 47 1.262953 0.000000 -0.000001 -0.592079 1.417311 -0.637209
 48 0.919429 0.000002 -0.000000 0.132824 1.180916 0.124669
 49 3.167420 0.097638 -1.197363 -1.577201 0.079890 -0.593938
 50 0.817882 -0.000000 -0.000001 -0.164298 1.212571 -0.146163
 51 0.708995 0.000002 -0.000000 0.062061 0.898421 -0.028374
 52 3.414728 0.449902 0.223654 -1.580784 0.013019 -0.654459
 53 1.390922 0.000002 -0.000001 0.005511 1.543565 0.018247
 54 0.906348 -0.000000 0.000001 -0.006062 0.824979 -0.045570
 55 2.457049 0.024849 0.014095 0.000073 -0.005736 0.010114
 56 3.525410 0.419243 0.945132 -1.571888 -0.021860 -0.078400
 57 1.209882 -0.000002 -0.000000 -0.003943 0.519687 0.018610
 58 0.743920 0.000000 -0.000000 0.001656 0.537959 0.092843
 59 8.136638 0.000000 -0.000000 1.570797 -0.032533 -0.000000
 60 -7.140855 -12.168919 -1.146598 -1.497365 -0.349070 1.607033
 61 0.008386 -0.048311 -0.069476 -0.000000 -0.000000 -0.000000
time 8
  0 -6.080703 -10.217499 -0.208272 -1.003280 -0.558201 -0.076823
  1 0.250197 -3.565484 -0.099873 0.000000 0.000000 0.000000
  2 0.337618 4.930949 0.877138 0.000000 0.000000 0.000000
  3 0.249742 5.375675 -0.431249 0.000000 0.000000 0.000000
  4 0.145595 21.588617 -5.580590 0.000000 0.000000 0.000000
  5 0.241867 9.046291 0.896506 0.000000 0.000000 0.000000
  6 0.000303 8.159075 -1.557893 0.000000 0.000000 0.000000
  7 0.246663 7.851890 -0.926848 0.000000 0.000000 0.000000
  8 -2.477793 12.401383 4.136672 0.000000 0.000000 0.000000
  9 -0.000000 -0.000000 -0.000000 0.000000 0.000000 0.000000
 10 0.000000 -15.653315 -6.600977 0.000000 0.000000 0.000000
 11 1.787636 -6.217395 -9.197251 -0.975718 -0.743672 -0.221948
 12 -0.000000 -0.000000 -0.000000 0.000000 0.000000 0.000000
 13 -9.259155 0.805164 -5.542013 0.000000 -1.547455 0.000000
 14 -0.000000 0.000000 -0.000000 1.470332 0.147289 -1.871463
 15 8.403361 0.000001 0.000000 0.000000 1.211216 0.000000
 16 8.136638 -0.000001 0.000000 -1.570796 -0.032553 -0.000000
 17 8.136638 0.000007 0.000005 -1.657540 0.350347 0.064818
 18 1.369795 0.361443 1.237272 1.175074 -0.347333 0.479992
 19 1.320668 -0.000001 -0.000000 0.201328 -0.139079 -0.045485
 20 1.066025 -0.000000 0.000000 -0.014471 -0.113783 0.196807
 21 1.039344 -0.000001 0.000000 1.325744 0.991426 2.013611
 22 2.457049 -0.024849 0.014094 -0.000072 -0.005736 -0.010113
 23 3.525410 -0.419243 0.945132 1.648473 0.052800 0.007770
 24 1.209883 -0.000001 -0.000000 0.003943 0.285298 -0.018611
 25 0.743917 0.000001 0.000000 -0.001656 1.148181 -0.092843
 26 0.794890 0.000000 -0.000000 -0.000005 0.704556 -0.000608
 27 3.414728 -0.449902 0.223652 1.693617 0.046763 0.558369
 28 1.390921 -0.000000 0.000001 -0.004769 1.284870 -0.018048
 29 0.906346 0.000000 0.000000 0.006062 -0.433839 0.045570
 30 0.776325 -0.000000 0.000000 0.001079 0.866577 0.033798
 31 3.289557 -0.311001 -0.505976 1.762164 0.112217 0.757107
 32 1.262952 -0.000000 0.000000 0.410302 1.354679 0.453063
 33 0.919430 0.000000 0.000000 -0.052499 -0.297525 0.013980
 34 0.803004 -0.000001 -0.000001 -0.163064 1.145489 -1.117549
 35 3.167419 -0.097638 -1.197365 1.832995 -0.038354 1.129403
 36 0.817884 -0.000001 -0.000000 0.142196 1.147469 0.122418
 37 0.708995 0.000001 0.000000 -0.039911 -0.253101 0.086949
 38 0.794783 -0.000001 -0.000000 -1.042950 1.141227 -1.966856
 39 5.566999 5.667288 -6.998626 0.000000 0.000000 0.000000
 40 0.000000 0.000000 0.000000 -1.459666 0.134820 -1.185793
 41 8.403364 0.000000 -0.000001 0.000000 1.397871 0.000000
 42 8.136636 -0.000008 0.000004 2.691176 0.080520 -0.739970
 43 1.369794 -0.361443 1.237271 -1.127491 0.097656 -0.579344
 44 1.320668 0.000002 -0.000001 -0.218662 -0.109509 0.185068
 45 1.066023 0.000000 0.000000 -0.025949 -0.111735 0.158666
 46 3.289559 0.311001 -0.505976 -1.569928 0.064069 -0.677339
 47 1.262953 0.000001 -0.000001 -0.592079 1.417311 -0.637209
 48 0.919429 0.000002 -0.000000 0.132824 1.180916 0.124669
 49 3.167420 0.097637 -1.197364 -1.577201 0.079890 -0.593938
 50 0.817882 0.000000 -0.000001 -0.164298 1.212571 -0.146163
 51 0.708995 0.000002 0.000000 0.062061 0.898421 -0.028374
 52 3.414728 0.449901 0.223654 -1.580784 0.013019 -0.654459
 53 1.390922 0.000001 -0.000000 0.005511 1.543565 0.018247
 54 0.906347 -0.000001 0.000001 -0.006062 0.824979 -0.045570
 55 2.457048 0.024848 0.014095 0.000073 -0.005736 0.010114
 56 3.525410 0.419242 0.945132 -1.571888 -0.021860 -0.078400
 57 1.209882 -0.000002 -0.000000 -0.003943 0.519687 0.018610
 58 0.743920 0.000000 0.000000 0.001656 0.537959 0.092843
 59 8.136639 0.000001 -0.000000 1.570797 -0.032533 -0.000000
 60 -6.829696 -11.972644 -1.673275 -1.522617 -0.352838 1.600228
 61 0.008386 -0.048311 -0.069476 0.000000 -0.000000 -0.000000
time 9
  0 -5.742781 -10.217499 -0.791094 -0.986205 -0.613566 -0.102929
  1 0.250197 -2.791076 -0.099874 0.000000 0.000000 0.000000
  2 0.337618 4.930949 0.877138 0.000000 0.000000 0.000000
  3 0.249743 5.375675 -0.431248 0.000000 0.000000 0.000000
  4 0.145596 21.588619 -5.580590 0.000000 0.000000 0.000000
  5 0.241868 9.046291 0.896506 0.000000 0.000000 0.000000
  6 0.000303 8.159075 -1.557893 0.000000 0.000000 0.000000
  7 0.246663 7.851890 -0.926848 0.000000 0.000000 0.000000
  8 -2.477793 12.401383 4.136673 0.000000 0.000000 0.000000
  9 -0.000000 -0.000000 -0.000000 0.000000 0.000000 0.000000
 10 0.000000 -15.653315 -6.600977 0.000000 0.000000 0.000000
 11 2.685033 -6.272697 -9.283670 -0.944508 -0.796265 -0.260343
 12 0.000000 -0.000000 0.000000 0.000000 0.000000 0.000000
 13 -9.259155 0.805164 -5.542013 0.000000 -1.547455 0.000000
 14 -0.000000 0.000000 -0.000000 1.418561 0.199072 -2.006009
 15 8.403361 0.000000 -0.000000 0.000000 1.314039 0.000000
 16 8.136638 -0.000001 0.000001 -1.570796 -0.032553 0.000000
 17 8.136637 0.000008 0.000005 -1.690395 0.377406 0.155969
 18 1.369795 0.361443 1.237272 1.175074 -0.347333 0.479992
 19 1.320668 -0.000000 -0.000000 0.201328 -0.139079 -0.045485
 20 1.066025 -0.000000 -0.000000 -0.014471 -0.113783 0.196807
 21 1.039344 -0.000001 0.000000 1.325744 0.991426 2.013611
 22 2.457049 -0.024849 0.014095 -0.000072 -0.005736 -0.010113
 23 3.525410 -0.419243 0.945132 1.648473 0.052800 0.007770
 24 1.209883 -0.000000 -0.000000 0.003943 0.285298 -0.018611
 25 0.743917 0.000000 0.000001 -0.001656 1.148181 -0.092843
 26 0.794889 -0.000000 0.000000 -0.000005 0.704556 -0.000608
 27 3.414728 -0.449902 0.223652 1.693617 0.046763 0.558369
 28 1.390921 -0.000001 -0.000000 -0.004769 1.284870 -0.018048
 29 0.906345 0.000000 0.000000 0.006062 -0.433839 0.045570
 30 0.776325 -0.000000 -0.000000 0.001079 0.866577 0.033798
 31 3.289557 -0.311002 -0.505976 1.762164 0.112217 0.757107
 32 1.262953 -0.000000 0.000000 0.410302 1.354679 0.453063
 33 0.919428 0.000000 -0.000000 -0.052499 -0.297525 0.013980
 34 0.803004 -0.000001 -0.000001 -0.163064 1.145489 -1.117549
 35 3.167419 -0.097637 -1.197365 1.832995 -0.038354 1.129404
 36 0.817884 -0.000000 -0.000000 0.142196 1.147469 0.122418
 37 0.708996 -0.000000 -0.000000 -0.039911 -0.253101 0.086949
 38 0.794784 -0.000001 -0.000000 -1.042950 1.141227 -1.966856
 39 5.566999 5.667288 -6.998626 0.000000 0.000000 0.000000
 40 0.000000 0.000000 0.000000 -1.451417 0.140262 -1.098524
 41 8.403364 0.000002 -0.000001 0.000000 1.429420 0.000000
 42 8.136636 -0.000007 0.000003 2.681925 0.152976 -0.686042
 43 1.369794 -0.361442 1.237273 -1.127491 0.097656 -0.579344
 44 1.320668 0.000002 -0.000001 -0.218662 -0.109509 0.185068
 45 1.066023 -0.000000 0.000000 -0.025949 -0.111735 0.158666
 46 3.289559 0.311001 -0.505975 -1.569928 0.064069 -0.677339
 47 1.262953 -0.000001 -0.000001 -0.592079 1.417310 -0.637208
 48 0.919429 0.000003 -0.000000 0.132824 1.180916 0.124669
 49 3.167420 0.097637 -1.197363 -1.577201 0.079890 -0.593938
 50 0.817882 0.000000 -0.000001 -0.164298 1.212571 -0.146163
 51 0.708995 0.000002 0.000000 0.062061 0.898421 -0.028374
 52 3.414729 0.449902 0.223655 -1.580784 0.013019 -0.654459
 53 1.390922 0.000002 -0.000001 0.005511 1.543565 0.018247
 54 0.906347 -0.000000 0.000001 -0.006062 0.824979 -0.045570
 55 2.457049 0.024849 0.014096 0.000073 -0.005736 0.010114
 56 3.525410 0.419243 0.945133 -1.571888 -0.021860 -0.078400
 57 1.209882 -0.000002 -0.000001 -0.003943 0.519687 0.018610
 58 0.743920 -0.000000 -0.000000 0.001656 0.537959 0.092843
 59 8.136639 0.000001 -0.000002 1.570797 -0.032533 -0.000000
 60 -6.022733 -11.559984 -2.840857 1.558490 -2.781341 -1.536909
 61 0.008385 -0.048311 -0.069476 -0.000000 -0.000000 -0.000000
time 10
  0 -5.339455 -10.217499 -1.486720 -0.965826 -0.679648 -0.129771
  1 0.250197 -2.016668 -0.099874 0.000000 0.000000 0.000000
  2 0.337618 4.930949 0.877139 0.000000 0.000000 0.000000
  3 0.249743 5.375675 -0.431248 0.000000 0.000000 0.000000
  4 0.145595 21.588619 -5.580589 0.000000 0.000000 0.000000
  5 0.241867 9.046291 0.896507 0.000000 0.000000 0.000000
  6 0.000303 8.159075 -1.557892 0.000000 0.000000 0.000000
  7 0.246663 7.851890 -0.926847 0.000000 0.000000 0.000000
  8 -2.477793 12.401384 4.136673 0.000000 0.000000 0.000000
  9 0.000000 0.000000 0.000000 0.000000 0.000000 0.000000
 10 0.000000 -15.653315 -6.600977 0.000000 0.000000 0.000000
 11 3.697978 -6.330352 -9.356172 -0.904673 -0.858759 -0.304244
 12 -0.000000 0.000000 -0.000000 0.000000 0.000000 0.000000
 13 -9.259155 0.805164 -5.542013 0.000000 -1.547455 0.000000
 14 -0.000000 0.000000 -0.000000 1.355379 0.262169 -2.136027
 15 8.403360 -0.000000 -0.000001 -0.000000 1.371682 -0.000000
 16 8.136637 -0.000002 0.000001 -1.570796 -0.032553 0.000000
 17 8.136636 0.000007 0.000006 -1.721213 0.450086 0.255900
 18 1.369794 0.361444 1.237272 1.175075 -0.347333 0.479992
 19 1.320668 -0.000000 -0.000000 0.201328 -0.139079 -0.045485
 20 1.066025 0.000000 -0.000000 -0.014471 -0.113783 0.196807
 21 1.039344 -0.000001 0.000000 1.325744 0.991426 2.013611
 22 2.457049 -0.024848 0.014095 -0.000072 -0.005736 -0.010113
 23 3.525410 -0.419243 0.945132 1.648473 0.052800 0.007770
 24 1.209883 -0.000000 -0.000000 0.003943 0.285298 -0.018611
 25 0.743917 0.000000 0.000001 -0.001656 1.148181 -0.092843
 26 0.794890 -0.000000 -0.000000 -0.000005 0.704556 -0.000608
 27 3.414727 -0.449901 0.223653 1.693617 0.046763 0.558369
 28 1.390921 -0.000000 0.000000 -0.004769 1.284870 -0.018048
 29 0.906346 -0.000000 0.000000 0.006062 -0.433839 0.045570
 30 0.776325 0.000000 0.000000 0.001079 0.866577 0.033798
 31 3.289557 -0.311001 -0.505976 1.762164 0.112217 0.757107
 32 1.262952 -0.000001 0.000001 0.410302 1.354679 0.453063
 33 0.919429 -0.000000 0.000000 -0.052499 -0.297525 0.013980
 34 0.803004 -0.000001 -0.000001 -0.163064 1.145489 -1.117549
 35 3.167419 -0.097637 -1.197365 1.832995 -0.038354 1.129403
 36 0.817884 -0.000000 0.000000 0.142196 1.147469 0.122418
 37 0.708994 0.000000 0.000000 -0.039911 -0.253101 0.086949
 38 0.794784 -0.000001 -0.000001 -1.042950 1.141227 -1.966856
 39 5.566999 5.667288 -6.998626 0.000000 0.000000 0.000000
 40 0.000000 0.000000 0.000000 -1.444633 0.144814 -1.004286
 41 8.403364 0.000001 -0.000001 0.000000 1.452416 0.000000
 42 8.136636 -0.000008 0.000004 2.679328 0.240750 -0.621735
 43 1.369793 -0.361443 1.237273 -1.127491 0.097656 -0.579344
 44 1.320668 0.000001 -0.000001 -0.218662 -0.109509 0.185068
 45 1.066023 0.000000 -0.000000 -0.025949 -0.111735 0.158666
 46 3.289559 0.311002 -0.505976 -1.569928 0.064069 -0.677339
 47 1.262953 -0.000000 -0.000001 -0.592079 1.417311 -0.637209
 48 0.919429 0.000002 -0.000000 0.132824 1.180916 0.124669
 49 3.167420 0.097638 -1.197363 -1.577201 0.079890 -0.593938
 50 0.817882 -0.000001 -0.000001 -0.164298 1.212571 -0.146164
 51 0.708994 0.000002 0.000000 0.062061 0.898421 -0.028374
 52 3.414728 0.449902 0.223654 -1.580784 0.013019 -0.654459
 53 1.390922 0.000002 -0.000000 0.005510 1.543565 0.018246
 54 0.906347 -0.000000 0.000001 -0.006062 0.824979 -0.045570
 55 2.457049 0.024849 0.014096 0.000073 -0.005736 0.010114
 56 3.525410 0.419244 0.945133 -1.571888 -0.021860 -0.078400
 57 1.209881 -0.000002 -0.000000 -0.003943 0.519687 0.018610
 58 0.743920 -0.000000 0.000000 0.001656 0.537959 0.092843
 59 8.136639 0.000000 0.000000 1.570797 -0.032533 -0.000000
 60 -5.045481 -11.154343 -4.058080 1.485954 -2.775524 -1.525688
 61 0.008386 -0.048311 -0.069476 0.000000 -0.000000 -0.000000
time 11
  0 -5.001533 -10.217499 -2.069541 -0.948752 -0.735014 -0.151186
  1 0.250197 -1.664664 -0.099873 0.000000 0.000000 -0.000000
  2 0.337617 4.930949 0.877138 0.000000 0.000000 -0.000000
  3 0.249742 5.375675 -0.431248 0.000000 0.000000 -0.000000
  4 0.145596 21.588619 -5.580590 0.000000 0.000000 -0.000000
  5 0.241867 9.046291 0.896506 0.000000 0.000000 -0.000000
  6 0.000303 8.159075 -1.557893 0.000000 0.000000 0.000000
  7 0.246663 7.851890 -0.926848 0.000000 0.000000 -0.000000
  8 -2.477793 12.401383 4.136673 0.000000 0.000000 -0.000000
  9 0.000000 0.000000 0.000000 0.000000 0.000000 0.000000
 10 0.000000 -15.653315 -6.600977 0.000000 0.000000 0.000000
 11 4.506090 -6.387255 -9.394000 -0.868633 -0.910847 -0.342459
 12 0.000000 0.000000 0.000000 0.000000 0.000000 0.000000
 13 -9.259155 0.805164 -5.542013 0.000000 -1.547455 0.000000
 14 -0.000000 0.000000 -0.000000 1.315786 0.307274 -2.207835
 15 8.403361 0.000000 -0.000000 -0.000000 1.369639 -0.000000
 16 8.136638 -0.000001 0.000002 -1.570796 -0.032553 0.000000
 17 8.136636 0.000008 0.000005 -1.723341 0.527341 0.332577
 18 1.369795 0.361444 1.237272 1.175075 -0.347333 0.479992
 19 1.320668 -0.000001 0.000000 0.201328 -0.139079 -0.045485
 20 1.066025 0.000000 0.000000 -0.014471 -0.113783 0.196807
 21 1.039343 -0.000002 0.000000 1.325744 0.991426 2.013611
 22 2.457049 -0.024848 0.014095 -0.000072 -0.005736 -0.010113
 23 3.525410 -0.419243 0.945132 1.648473 0.052800 0.007770
 24 1.209883 -0.000001 -0.000000 0.003943 0.285298 -0.018611
 25 0.743917 -0.000000 0.000000 -0.001656 1.148181 -0.092843
 26 0.794889 -0.000000 0.000000 -0.000005 0.704556 -0.000608
 27 3.414728 -0.449901 0.223653 1.693617 0.046763 0.558369
 28 1.390921 -0.000000 0.000000 -0.004769 1.284870 -0.018048
 29 0.906346 0.000000 0.000000 0.006062 -0.433839 0.045570
 30 0.776324 -0.000000 0.000000 0.001079 0.866577 0.033798
 31 3.289557 -0.311000 -0.505976 1.762164 0.112217 0.757107
 32 1.262953 -0.000000 0.000001 0.410302 1.354679 0.453063
 33 0.919429 0.000000 0.000000 -0.052499 -0.297525 0.013980
 34 0.803004 -0.000000 -0.000001 -0.163064 1.145489 -1.117549
 35 3.167419 -0.097637 -1.197365 1.832995 -0.038354 1.129403
 36 0.817884 -0.000000 -0.000000 0.142196 1.147469 0.122418
 37 0.708995 0.000000 0.000000 -0.039911 -0.253101 0.086949
 38 0.794783 -0.000000 -0.000000 -1.042950 1.141227 -1.966856
 39 5.566999 5.667288 -6.998626 0.000000 0.000000 0.000000
 40 0.000000 0.000000 0.000000 -1.441771 0.147180 -0.934253
 41 8.403364 0.000001 -0.000001 -0.000000 1.458416 -0.000000
 42 8.136637 -0.000008 0.000005 2.682550 0.317484 -0.567823
 43 1.369793 -0.361443 1.237272 -1.127491 0.097656 -0.579344
 44 1.320668 0.000002 -0.000000 -0.218662 -0.109509 0.185068
 45 1.066023 -0.000000 0.000000 -0.025949 -0.111735 0.158666
 46 3.289558 0.311001 -0.505976 -1.569928 0.064069 -0.677339
 47 1.262953 -0.000000 -0.000001 -0.592079 1.417311 -0.637209
 48 0.919429 0.000002 -0.000000 0.132824 1.180916 0.124669
 49 3.167420 0.097638 -1.197363 -1.577201 0.079890 -0.593938
 50 0.817882 0.000000 -0.000001 -0.164298 1.212571 -0.146163
 51 0.708995 0.000002 0.000000 0.062061 0.898421 -0.028374
 52 3.414728 0.449902 0.223654 -1.580784 0.013019 -0.654459
 53 1.390922 0.000002 -0.000001 0.005511 1.543565 0.018247
 54 0.906347 0.000000 0.000001 -0.006062 0.824979 -0.045570
 55 2.457048 0.024849 0.014096 0.000073 -0.005736 0.010114
 56 3.525410 0.419243 0.945133 -1.571888 -0.021860 -0.078400
 57 1.209882 -0.000002 -0.000000 -0.003943 0.519687 0.018610
 58 0.743920 -0.000000 -0.000000 0.001656 0.537959 0.092843
 59 8.136639 -0.000000 0.000000 1.570797 -0.032533 -0.000000
 60 -4.351407 -10.971118 -4.837374 1.425073 -2.773310 -1.514143
 61 0.008386 -0.048311 -0.069476 -0.000000 0.000000 -0.000000
time 12
  0 -4.859823 -10.217499 -2.313951 -0.941592 -0.758232 -0.161015
  1 0.250197 -1.664664 -0.099874 0.000000 0.000000 0.000000
  2 0.337618 4.930949 0.877138 0.000000 0.000000 0.000000
  3 0.249743 5.375676 -0.431248 0.000000 0.000000 0.000000
  4 0.145596 21.588621 -5.580590 0.000000 0.000000 0.000000
  5 0.241868 9.046292 0.896507 0.000000 0.000000 0.000000
  6 0.000303 8.159075 -1.557892 0.000000 0.000000 0.000000
  7 0.246663 7.851890 -0.926848 0.000000 0.000000 0.000000
  8 -2.477793 12.401384 4.136673 0.000000 0.000000 0.000000
  9 -0.000000 -0.000000 0.000000 0.000000 0.000000 0.000000
 10 0.000000 -15.653315 -6.600977 0.000000 0.000000 0.000000
 11 4.837931 -6.423534 -9.404279 -0.852652 -0.932605 -0.360155
 12 -0.000000 -0.000000 0.000000 0.000000 0.000000 0.000000
 13 -9.259155 0.805164 -5.542013 0.000000 -1.547455 0.000000
 14 -0.000000 0.000000 -0.000000 1.307264 0.320484 -2.223570
 15 8.403360 0.000000 -0.000001 0.000000 1.356786 0.000000
 16 8.136638 -0.000001 0.000001 -1.570796 -0.032553 0.000000
 17 8.136637 0.000008 0.000006 -1.713615 0.557904 0.363759
 18 1.369794 0.361444 1.237272 1.175075 -0.347333 0.479992
 19 1.320667 -0.000000 -0.000000 0.201328 -0.139079 -0.045485
 20 1.066025 0.000000 -0.000000 -0.014471 -0.113783 0.196807
 21 1.039343 -0.000001 -0.000000 1.325744 0.991426 2.013611
 22 2.457049 -0.024848 0.014094 -0.000072 -0.005736 -0.010113
 23 3.525410 -0.419242 0.945132 1.648473 0.052800 0.007770
 24 1.209883 -0.000001 0.000000 0.003943 0.285298 -0.018611
 25 0.743917 0.000000 0.000000 -0.001656 1.148181 -0.092843
 26 0.794889 -0.000000 0.000000 -0.000005 0.704556 -0.000608
 27 3.414728 -0.449902 0.223652 1.693617 0.046763 0.558369
 28 1.390921 -0.000000 -0.000000 -0.004769 1.284870 -0.018048
 29 0.906346 0.000000 0.000000 0.006062 -0.433839 0.045570
 30 0.776325 -0.000000 -0.000000 0.001079 0.866577 0.033798
 31 3.289557 -0.311001 -0.505976 1.762164 0.112217 0.757107
 32 1.262952 -0.000000 0.000001 0.410302 1.354679 0.453063
 33 0.919429 0.000000 -0.000000 -0.052499 -0.297525 0.013980
 34 0.803004 -0.000000 -0.000001 -0.163064 1.145489 -1.117549
 35 3.167419 -0.097638 -1.197365 1.832995 -0.038354 1.129403
 36 0.817883 -0.000000 0.000000 0.142196 1.147469 0.122418
 37 0.708995 -0.000000 0.000000 -0.039911 -0.253101 0.086949
 38 0.794783 -0.000000 -0.000001 -1.042950 1.141227 -1.966856
 39 5.566999 5.667288 -6.998626 0.000000 0.000000 0.000000
 40 0.000000 0.000000 0.000000 -1.441520 0.147806 -0.907815
 41 8.403364 0.000001 -0.000001 0.000000 1.455990 0.000000
 42 8.136635 -0.000008 0.000005 2.684427 0.352227 -0.545295
 43 1.369793 -0.361442 1.237272 -1.127491 0.097656 -0.579344
 44 1.320668 0.000002 -0.000001 -0.218662 -0.109509 0.185068
 45 1.066023 0.000000 0.000000 -0.025949 -0.111735 0.158666
 46 3.289558 0.311002 -0.505975 -1.569928 0.064069 -0.677339
 47 1.262953 0.000000 -0.000001 -0.592079 1.417311 -0.637209
 48 0.919429 0.000002 -0.000000 0.132824 1.180916 0.124669
 49 3.167420 0.097638 -1.197363 -1.577201 0.079890 -0.593938
 50 0.817882 -0.000001 -0.000001 -0.164298 1.212571 -0.146163
 51 0.708995 0.000002 0.000000 0.062061 0.898421 -0.028374
 52 3.414728 0.449902 0.223655 -1.580784 0.013019 -0.654459
 53 1.390922 0.000002 -0.000001 0.005511 1.543565 0.018247
 54 0.906347 -0.000000 0.000001 -0.006062 0.824979 -0.045570
 55 2.457049 0.024849 0.014096 0.000073 -0.005736 0.010114
 56 3.525410 0.419244 0.945133 -1.571888 -0.021860 -0.078400
 57 1.209881 -0.000002 -0.000001 -0.003943 0.519687 0.018610
 58 0.743920 0.000000 0.000000 0.001656 0.537959 0.092843
 59 8.136638 -0.000000 0.000001 1.570797 -0.032533 -0.000000
 60 -4.147870 -10.970133 -5.066798 1.399557 -2.773126 -1.509920
 61 0.008386 -0.048311 -0.069476 0.000000 0.000000 -0.000000
time 13
  0 -4.859823 -10.217499 -2.177720 -0.947171 -0.724855 -0.162676
  1 0.250197 -1.664664 -0.099874 0.000000 0.000000 -0.000000
  2 0.337618 4.930948 0.877138 0.000000 0.000000 -0.000000
  3 0.249743 5.375675 -0.431249 0.000000 0.000000 -0.000000
  4 0.145597 21.588619 -5.580589 0.000000 0.000000 -0.000000
  5 0.241868 9.046291 0.896506 0.000000 0.000000 -0.000000
  6 0.000304 8.159075 -1.557893 0.000000 0.000000 0.000000
  7 0.246663 7.851890 -0.926848 0.000000 0.000000 -0.000000
  8 -2.477793 12.401383 4.136672 0.000000 0.000000 -0.000000
  9 -0.000000 0.000000 0.000000 0.000000 0.000000 0.000000
 10 0.000000 -15.653315 -6.600977 0.000000 0.000000 0.000000
 11 4.614802 -6.466040 -9.585241 -0.869872 -0.900648 -0.351919
 12 0.000000 -0.000000 0.000000 0.000000 0.000000 0.000000
 13 -9.259155 0.805164 -5.542013 0.000000 -1.547455 0.000000
 14 -0.000000 0.000000 -0.000000 1.311232 0.314257 -2.215908
 15 8.403361 0.000000 -0.000000 -0.000000 1.362955 -0.000000
 16 8.136638 -0.000001 0.000001 -1.570796 -0.032553 0.000000
 17 8.136637 0.000008 0.000005 -1.744192 0.539275 0.327719
 18 1.369794 0.361444 1.237272 1.175075 -0.347333 0.479992
 19 1.320667 -0.000001 -0.000000 0.201328 -0.139079 -0.045485
 20 1.066025 0.000000 -0.000001 -0.014471 -0.113783 0.196807
 21 1.039343 -0.000002 -0.000000 1.325744 0.991426 2.013611
 22 2.457049 -0.024847 0.014094 -0.000072 -0.005736 -0.010113
 23 3.525409 -0.419242 0.945131 1.648473 0.052800 0.007770
 24 1.209883 -0.000000 0.000000 0.003943 0.285298 -0.018611
 25 0.743917 0.000000 0.000000 -0.001656 1.148181 -0.092843
 26 0.794890 -0.000000 -0.000000 -0.000005 0.704556 -0.000608
 27 3.414728 -0.449901 0.223652 1.693617 0.046763 0.558369
 28 1.390921 -0.000001 -0.000000 -0.004769 1.284870 -0.018048
 29 0.906346 -0.000000 0.000000 0.006062 -0.433839 0.045570
 30 0.776324 0.000000 0.000000 0.001079 0.866577 0.033798
 31 3.289557 -0.311000 -0.505976 1.762164 0.112217 0.757107
 32 1.262953 -0.000001 0.000000 0.410302 1.354679 0.453063
 33 0.919429 0.000000 0.000000 -0.052499 -0.297525 0.013980
 34 0.803003 -0.000001 -0.000001 -0.163064 1.145489 -1.117549
 35 3.167419 -0.097636 -1.197365 1.832995 -0.038354 1.129403
 36 0.817884 -0.000000 0.000000 0.142196 1.147469 0.122418
 37 0.708995 0.000000 -0.000000 -0.039911 -0.253101 0.086949
 38 0.794784 -0.000001 -0.000000 -1.042950 1.141227 -1.966856
 39 5.566999 5.667288 -6.998626 0.000000 0.000000 0.000000
 40 0.000000 0.000000 0.000000 -1.433866 0.158941 -0.932777
 41 8.403364 0.000000 -0.000002 -0.000000 1.439088 -0.000000
 42 8.136635 -0.000008 0.000004 2.667788 0.345930 -0.585487
 43 1.369794 -0.361442 1.237272 -1.127491 0.097656 -0.579344
 44 1.320668 0.000002 -0.000001 -0.218662 -0.109509 0.185068
 45 1.066023 -0.000000 0.000000 -0.025949 -0.111735 0.158666
 46 3.289558 0.311001 -0.505976 -1.569928 0.064069 -0.677339
 47 1.262953 0.000000 -0.000002 -0.592079 1.417311 -0.637209
 48 0.919429 0.000002 -0.000000 0.132824 1.180916 0.124669
 49 3.167419 0.097637 -1.197364 -1.577201 0.079890 -0.593938
 50 0.817882 0.000000 -0.000001 -0.164298 1.212571 -0.146164
 51 0.708995 0.000002 0.000000 0.062061 0.898421 -0.028374
 52 3.414728 0.449902 0.223654 -1.580784 0.013020 -0.654458
 53 1.390922 0.000001 -0.000001 0.005511 1.543565 0.018247
 54 0.906347 0.000000 0.000001 -0.006062 0.824979 -0.045570
 55 2.457048 0.024849 0.014095 0.000073 -0.005736 0.010114
 56 3.525410 0.419243 0.945132 -1.571888 -0.021860 -0.078400
 57 1.209882 -0.000002 -0.000000 -0.003943 0.519687 0.018610
 58 0.743920 -0.000000 -0.000000 0.001656 0.537959 0.092843
 59 8.136638 0.000001 0.000000 1.570797 -0.032533 -0.000000
 60 -4.244863 -10.970093 -4.953855 1.435479 -2.770075 -1.528341
 61 0.008386 -0.048311 -0.069476 0.000000 0.000000 -0.000000
time 14
  0 -4.859823 -10.217499 -1.852861 -0.961497 -0.644344 -0.163771
  1 0.250197 -2.248730 -0.099874 0.000000 0.000000 0.000000
  2 0.337618 4.930949 0.877139 0.000000 0.000000 0.000000
  3 0.249743 5.375675 -0.431248 0.000000 0.000000 0.000000
  4 0.145597 21.588619 -5.580589 0.000000 0.000000 0.000000
  5 0.241868 9.046291 0.896506 0.000000 0.000000 0.000000
  6 0.000303 8.159075 -1.557892 0.000000 0.000000 0.000000
  7 0.246663 7.851890 -0.926847 0.000000 0.000000 0.000000
  8 -2.477793 12.401383 4.136673 0.000000 0.000000 0.000000
  9 0.000000 0.000000 0.000000 0.000000 0.000000 0.000000
 10 0.000000 -15.653315 -6.600977 0.000000 0.000000 0.000000
 11 4.020391 -6.542732 -9.998488 -0.908672 -0.823391 -0.332602
 12 -0.000000 -0.000000 0.000000 0.000000 0.000000 0.000000
 13 -9.259155 0.805164 -5.542013 0.000000 -1.547455 0.000000
 14 -0.000000 0.000000 -0.000000 1.348976 0.276873 -2.144345
 15 8.403361 -0.000000 -0.000001 -0.000000 1.343260 -0.000000
 16 8.136637 -0.000002 0.000001 -1.570796 -0.032553 -0.000000
 17 8.136636 0.000007 0.000006 -1.779808 0.475078 0.236845
 18 1.369794 0.361443 1.237272 1.175075 -0.347333 0.479992
 19 1.320667 -0.000001 -0.000000 0.201328 -0.139079 -0.045485
 20 1.066025 0.000000 0.000000 -0.014471 -0.113783 0.196807
 21 1.039343 -0.000002 -0.000000 1.325744 0.991426 2.013611
 22 2.457049 -0.024848 0.014095 -0.000072 -0.005736 -0.010113
 23 3.525409 -0.419243 0.945132 1.648473 0.052800 0.007770
 24 1.209883 -0.000001 -0.000000 0.003943 0.285298 -0.018611
 25 0.743917 0.000000 0.000000 -0.001656 1.148181 -0.092843
 26 0.794890 -0.000000 -0.000000 -0.000005 0.704556 -0.000608
 27 3.414727 -0.449901 0.223652 1.693617 0.046763 0.558369
 28 1.390921 -0.000001 0.000000 -0.004769 1.284870 -0.018048
 29 0.906345 0.000000 0.000000 0.006062 -0.433839 0.045570
 30 0.776325 0.000000 0.000000 0.001079 0.866577 0.033798
 31 3.289557 -0.311001 -0.505976 1.762164 0.112217 0.757107
 32 1.262953 -0.000000 0.000000 0.410302 1.354679 0.453063
 33 0.919429 0.000000 0.000000 -0.052499 -0.297525 0.013980
 34 0.803004 -0.000001 -0.000001 -0.163064 1.145489 -1.117549
 35 3.167419 -0.097637 -1.197365 1.832995 -0.038354 1.129404
 36 0.817883 -0.000000 0.000000 0.142196 1.147469 0.122418
 37 0.708995 0.000000 -0.000000 -0.039911 -0.253101 0.086949
 38 0.794783 -0.000000 -0.000000 -1.042950 1.141227 -1.966856
 39 5.566999 5.667288 -6.998626 0.000000 0.000000 0.000000
 40 0.000000 0.000000 0.000000 -1.417797 0.184435 -0.997637
 41 8.403364 0.000001 -0.000001 -0.000000 1.397040 -0.000000
 42 8.136636 -0.000007 0.000004 2.630211 0.323628 -0.682493
 43 1.369793 -0.361442 1.237272 -1.127491 0.097656 -0.579344
 44 1.320668 0.000002 -0.000001 -0.218662 -0.109509 0.185068
 45 1.066023 0.000000 -0.000000 -0.025949 -0.111735 0.158666
 46 3.289559 0.311002 -0.505976 -1.569928 0.064069 -0.677339
 47 1.262953 -0.000001 -0.000001 -0.592079 1.417311 -0.637209
 48 0.919429 0.000001 -0.000000 0.132824 1.180916 0.124669
 49 3.167420 0.097638 -1.197364 -1.577201 0.079890 -0.593938
 50 0.817882 0.000000 -0.000001 -0.164298 1.212571 -0.146163
 51 0.708995 0.000002 0.000000 0.062061 0.898421 -0.028374
 52 3.414729 0.449902 0.223655 -1.580784 0.013019 -0.654459
 53 1.390922 0.000002 -0.000000 0.005510 1.543565 0.018246
 54 0.906347 0.000000 0.000001 -0.006062 0.824979 -0.045570
 55 2.457049 0.024849 0.014096 0.000073 -0.005736 0.010114
 56 3.525410 0.419243 0.945133 -1.571888 -0.021860 -0.078400
 57 1.209882 -0.000002 -0.000000 -0.003943 0.519687 0.018610
 58 0.743920 -0.000000 0.000000 0.001656 0.537959 0.092843
 59 8.136639 0.000001 -0.000000 1.570797 -0.032533 -0.000000
 60 -4.818230 -11.252066 -4.288108 1.522670 -2.766200 -1.570331
 61 0.008386 -0.048311 -0.069476 -0.000000 0.000000 -0.000000
time 15
  0 -4.859823 -10.217499 -1.465127 -0.980950 -0.546132 -0.164413
  1 0.250197 -3.333422 -0.099873 0.000000 0.000000 -0.000000
  2 0.337618 4.930949 0.877138 0.000000 0.000000 -0.000000
  3 0.249742 5.375675 -0.431248 0.000000 0.000000 -0.000000
  4 0.145596 21.588619 -5.580590 0.000000 0.000000 -0.000000
  5 0.241867 9.046291 0.896506 0.000000 0.000000 -0.000000
  6 0.000303 8.159075 -1.557893 0.000000 0.000000 0.000000
  7 0.246663 7.851890 -0.926848 0.000000 0.000000 -0.000000
  8 -2.477793 12.401383 4.136672 0.000000 0.000000 -0.000000
  9 -0.000000 0.000000 0.000000 0.000000 0.000000 0.000000
 10 0.000000 -15.653315 -6.600977 0.000000 0.000000 0.000000
 11 3.208963 -6.639467 -10.454328 -0.952722 -0.728949 -0.313269
 12 -0.000000 -0.000000 0.000000 0.000000 0.000000 0.000000
 13 -9.259155 0.805164 -5.542013 0.000000 -1.547455 0.000000
 14 -0.000000 0.000000 -0.000000 1.407592 0.223767 -2.009303
 15 8.403361 -0.000000 -0.000001 0.000000 1.263666 0.000000
 16 8.136638 -0.000001 0.000001 -1.570796 -0.032553 -0.000000
 17 8.136637 0.000007 0.000005 -1.798672 0.406992 0.122316
 18 1.369794 0.361444 1.237272 1.175075 -0.347333 0.479992
 19 1.320668 -0.000001 0.000000 0.201328 -0.139079 -0.045485
 20 1.066025 -0.000000 -0.000000 -0.014471 -0.113783 0.196807
 21 1.039344 -0.000001 -0.000000 1.325744 0.991426 2.013611
 22 2.457049 -0.024848 0.014094 -0.000072 -0.005736 -0.010113
 23 3.525410 -0.419243 0.945132 1.648473 0.052800 0.007770
 24 1.209883 -0.000000 0.000000 0.003943 0.285298 -0.018611
 25 0.743918 0.000000 0.000000 -0.001656 1.148181 -0.092843
 26 0.794890 0.000000 -0.000000 -0.000005 0.704556 -0.000608
 27 3.414728 -0.449901 0.223652 1.693617 0.046763 0.558369
 28 1.390921 -0.000001 0.000001 -0.004769 1.284870 -0.018048
 29 0.906346 0.000000 0.000000 0.006062 -0.433839 0.045570
 30 0.776324 -0.000000 0.000000 0.001079 0.866577 0.033798
 31 3.289557 -0.311001 -0.505976 1.762164 0.112217 0.757107
 32 1.262953 -0.000000 0.000000 0.410302 1.354679 0.453063
 33 0.919430 0.000000 0.000000 -0.052499 -0.297525 0.013980
 34 0.803004 -0.000000 -0.000001 -0.163064 1.145489 -1.117549
 35 3.167419 -0.097638 -1.197365 1.832995 -0.038354 1.129403
 36 0.817884 0.000000 0.000000 0.142196 1.147469 0.122418
 37 0.708996 0.000000 -0.000000 -0.039911 -0.253101 0.086949
 38 0.794783 -0.000001 -0.000000 -1.042950 1.141227 -1.966856
 39 5.566999 5.667288 -6.998626 0.000000 0.000000 0.000000
 40 0.000000 0.000000 0.000000 -1.404547 0.212579 -1.088227
 41 8.403364 0.000001 -0.000001 0.000000 1.333587 0.000000
 42 8.136636 -0.000008 0.000004 2.583435 0.292545 -0.800935
 43 1.369793 -0.361443 1.237272 -1.127491 0.097656 -0.579344
 44 1.320668 0.000002 -0.000001 -0.218662 -0.109509 0.185068
 45 1.066023 -0.000000 0.000000 -0.025949 -0.111735 0.158666
 46 3.289559 0.311001 -0.505976 -1.569928 0.064069 -0.677339
 47 1.262953 -0.000000 -0.000001 -0.592078 1.417310 -0.637208
 48 0.919429 0.000002 -0.000000 0.132824 1.180916 0.124669
 49 3.167420 0.097637 -1.197364 -1.577201 0.079890 -0.593938
 50 0.817882 -0.000000 -0.000001 -0.164298 1.212571 -0.146163
 51 0.708995 0.000001 -0.000000 0.062061 0.898421 -0.028374
 52 3.414729 0.449902 0.223654 -1.580784 0.013019 -0.654459
 53 1.390922 0.000001 -0.000000 0.005510 1.543565 0.018246
 54 0.906347 -0.000000 0.000001 -0.006062 0.824979 -0.045570
 55 2.457049 0.024849 0.014096 0.000073 -0.005736 0.010114
 56 3.525410 0.419243 0.945133 -1.571888 -0.021860 -0.078400
 57 1.209882 -0.000002 -0.000000 -0.003943 0.519687 0.018610
 58 0.743920 -0.000000 0.000000 0.001656 0.537959 0.092843
 59 8.136639 0.000001 0.000000 1.570797 -0.032533 -0.000000
 60 -5.632948 -11.769299 -3.121725 -1.512024 -0.373062 1.520590
 61 0.008387 -0.048311 -0.069476 0.000000 -0.000000 -0.000000
time 16
  0 -4.859823 -10.217499 -1.140269 -1.001908 -0.459650 -0.164716
  1 0.250197 -3.917488 -0.099873 0.000000 0.000000 0.000000
  2 0.337617 4.930949 0.877138 0.000000 0.000000 0.000000
  3 0.249742 5.375675 -0.431248 0.000000 0.000000 0.000000
  4 0.145595 21.588619 -5.580590 0.000000 0.000000 0.000000
  5 0.241867 9.046291 0.896506 0.000000 0.000000 0.000000
  6 0.000302 8.159075 -1.557893 0.000000 0.000000 0.000000
  7 0.246663 7.851890 -0.926848 0.000000 0.000000 0.000000
  8 -2.477794 12.401384 4.136672 0.000000 0.000000 0.000000
  9 -0.000000 -0.000000 -0.000000 0.000000 0.000000 0.000000
 10 0.000000 -15.653315 -6.600977 0.000000 0.000000 0.000000
 11 2.420576 -6.756324 -10.821663 -0.992014 -0.645910 -0.298726
 12 0.000000 0.000000 0.000000 0.000000 0.000000 0.000000
 13 -9.104900 0.805164 -5.542013 0.000000 -1.539983 0.000000
 14 0.000000 0.000000 -0.000000 1.445121 0.184845 -1.914536
 15 8.403359 -0.000000 -0.000000 -0.000000 1.203265 0.000000
 16 8.136638 -0.000001 0.000001 -1.570796 -0.032553 -0.000000
 17 8.136637 0.000008 0.000004 -1.820064 0.366041 0.026553
 18 1.369794 0.361443 1.237272 1.175075 -0.347333 0.479992
 19 1.320667 -0.000001 0.000000 0.201328 -0.139079 -0.045485
 20 1.066025 0.000000 0.000000 -0.014471 -0.113783 0.196807
 21 1.039343 -0.000002 0.000001 1.325745 0.991426 2.013611
 22 2.457049 -0.024849 0.014094 -0.000072 -0.005736 -0.010113
 23 3.525410 -0.419243 0.945131 1.648473 0.052800 0.007770
 24 1.209883 -0.000000 0.000001 0.003943 0.285298 -0.018611
 25 0.743917 0.000000 0.000000 -0.001656 1.148181 -0.092843
 26 0.794889 -0.000000 -0.000000 -0.000005 0.704556 -0.000608
 27 3.414728 -0.449902 0.223652 1.693617 0.046763 0.558369
 28 1.390921 -0.000001 0.000000 -0.004769 1.284870 -0.018048
 29 0.906346 0.000000 0.000000 0.006062 -0.433839 0.045570
 30 0.776324 0.000000 -0.000000 0.001079 0.866577 0.033798
 31 3.289557 -0.311002 -0.505976 1.762164 0.112217 0.757107
 32 1.262953 -0.000001 -0.000000 0.410302 1.354679 0.453063
 33 0.919429 0.000000 0.000000 -0.052499 -0.297525 0.013980
 34 0.803004 -0.000000 -0.000001 -0.163064 1.145489 -1.117549
 35 3.167419 -0.097638 -1.197365 1.832995 -0.038354 1.129404
 36 0.817884 0.000000 -0.000000 0.142196 1.147469 0.122418
 37 0.708995 -0.000000 0.000000 -0.039911 -0.253101 0.086949
 38 0.794784 -0.000000 -0.000001 -1.042950 1.141227 -1.966856
 39 5.566999 5.667288 -6.998626 0.000000 0.000000 0.000000
 40 0.000000 0.000000 0.000000 -1.399785 0.235245 -1.181166
 41 8.403364 0.000001 -0.000001 0.000000 1.258312 0.000000
 42 8.136636 -0.000007 0.000005 2.538012 0.266327 -0.906588
 43 1.369794 -0.361443 1.237272 -1.127491 0.097656 -0.579344
 44 1.320668 0.000002 -0.000001 -0.218662 -0.109509 0.185068
 45 1.066023 -0.000000 0.000001 -0.025949 -0.111735 0.158666
 46 3.289559 0.311001 -0.505976 -1.569928 0.064069 -0.677339
 47 1.262953 -0.000001 -0.000001 -0.592079 1.417311 -0.637209
 48 0.919429 0.000002 -0.000000 0.132824 1.180916 0.124669
 49 3.167419 0.097637 -1.197364 -1.577201 0.079890 -0.593938
 50 0.817882 -0.000000 -0.000001 -0.164298 1.212571 -0.146163
 51 0.708995 0.000001 0.000000 0.062060 0.898421 -0.028374
 52 3.414728 0.449902 0.223654 -1.580784 0.013019 -0.654459
 53 1.390922 0.000002 -0.000001 0.005510 1.543565 0.018246
 54 0.906348 -0.000000 0.000001 -0.006062 0.824979 -0.045570
 55 2.457049 0.024849 0.014095 0.000073 -0.005736 0.010114
 56 3.525410 0.419243 0.945132 -1.571888 -0.021860 -0.078400
 57 1.209881 -0.000002 -0.000001 -0.003943 0.519687 0.018610
 58 0.743920 -0.000000 0.000000 0.001656 0.537959 0.092843
 59 8.136639 0.000001 0.000000 1.570797 -0.032533 -0.000000
 60 -6.058840 -12.041393 -2.274378 -1.417920 -0.362726 1.476310
 61 0.008387 -0.048311 -0.069476 -0.000000 0.000000 -0.000000
time 17
  0 -4.859823 -10.217499 -1.004038 -1.020753 -0.414330 -0.164792
  1 0.250197 -3.917488 -0.099874 0.000000 -0.000000 -0.000000
  2 0.337618 4.930949 0.877138 0.000000 -0.000000 -0.000000
  3 0.249743 5.375675 -0.431249 0.000000 -0.000000 -0.000000
  4 0.145597 21.588617 -5.580589 0.000000 -0.000000 -0.000000
  5 0.241868 9.046291 0.896506 0.000000 -0.000000 -0.000000
  6 0.000303 8.159074 -1.557893 0.000000 0.000000 0.000000
  7 0.246663 7.851890 -0.926848 0.000000 -0.000000 -0.000000
  8 -2.477793 12.401383 4.136672 0.000000 -0.000000 -0.000000
  9 0.000000 -0.000000 -0.000000 0.000000 0.000000 0.000000
 10 0.000000 -15.653315 -6.600977 0.000000 0.000000 0.000000
 11 1.979102 -6.906042 -11.052754 -1.020114 -0.603179 -0.290344
 12 -0.000000 -0.000000 0.000000 0.000000 0.000000 0.000000
 13 -8.681942 0.805164 -5.542013 0.000000 -1.519489 0.000000
 14 -0.000000 0.000000 -0.000000 1.468333 0.149767 -1.898048
 15 8.403360 -0.000001 -0.000000 -0.000000 1.213797 -0.000000
 16 8.136638 -0.000001 0.000000 -1.570796 -0.032553 -0.000000
 17 8.136637 0.000008 0.000005 -1.817584 0.346557 -0.020957
 18 1.369794 0.361444 1.237272 1.175074 -0.347333 0.479992
 19 1.320667 -0.000001 0.000000 0.201328 -0.139079 -0.045485
 20 1.066025 0.000000 -0.000000 -0.014471 -0.113783 0.196807
 21 1.039343 -0.000002 -0.000000 1.325745 0.991426 2.013611
 22 2.457049 -0.024849 0.014095 -0.000072 -0.005736 -0.010113
 23 3.525410 -0.419243 0.945131 1.648473 0.052800 0.007770
 24 1.209883 -0.000001 -0.000000 0.003943 0.285298 -0.018611
 25 0.743917 0.000000 0.000000 -0.001656 1.148181 -0.092843
 26 0.794889 -0.000000 -0.000001 -0.000005 0.704556 -0.000608
 27 3.414728 -0.449901 0.223652 1.693617 0.046763 0.558369
 28 1.390921 -0.000001 0.000000 -0.004769 1.284870 -0.018048
 29 0.906345 -0.000000 0.000000 0.006062 -0.433838 0.045570
 30 0.776325 -0.000000 -0.000000 0.001079 0.866577 0.033798
 31 3.289557 -0.311000 -0.505976 1.762164 0.112217 0.757107
 32 1.262952 -0.000000 0.000001 0.410302 1.354679 0.453063
 33 0.919428 0.000000 -0.000000 -0.052499 -0.297525 0.013980
 34 0.803003 -0.000000 -0.000001 -0.163064 1.145489 -1.117549
 35 3.167419 -0.097637 -1.197365 1.832995 -0.038354 1.129403
 36 0.817883 0.000000 -0.000000 0.142196 1.147469 0.122418
 37 0.708995 -0.000000 0.000000 -0.039911 -0.253101 0.086949
 38 0.794783 -0.000000 -0.000001 -1.042950 1.141227 -1.966856
 39 5.566999 5.667288 -6.998626 0.000000 0.000000 0.000000
 40 0.000000 0.000000 0.000000 -1.401124 0.249418 -1.242043
 41 8.403364 0.000001 -0.000001 0.000000 1.192698 0.000000
 42 8.136636 -0.000008 0.000004 2.504570 0.265112 -0.969502
 43 1.369794 -0.361442 1.237272 -1.127491 0.097656 -0.579344
 44 1.320668 0.000002 -0.000001 -0.218662 -0.109509 0.185068
 45 1.066023 -0.000001 0.000000 -0.025949 -0.111735 0.158666
 46 3.289559 0.311001 -0.505975 -1.569928 0.064069 -0.677339
 47 1.262953 -0.000000 -0.000001 -0.592079 1.417311 -0.637209
 48 0.919429 0.000002 -0.000000 0.132824 1.180916 0.124669
 49 3.167420 0.097638 -1.197363 -1.577201 0.079890 -0.593938
 50 0.817882 -0.000000 -0.000001 -0.164298 1.212571 -0.146163
 51 0.708995 0.000002 -0.000000 0.062061 0.898421 -0.028374
 52 3.414729 0.449902 0.223654 -1.580784 0.013019 -0.654459
 53 1.390922 0.000001 -0.000001 0.005510 1.543565 0.018246
 54 0.906347 -0.000001 0.000001 -0.006062 0.824979 -0.045570
 55 2.457049 0.024849 0.014096 0.000073 -0.005736 0.010114
 56 3.525410 0.419243 0.945133 -1.571888 -0.021860 -0.078400
 57 1.209882 -0.000003 -0.000000 -0.003943 0.519687 0.018610
 58 0.743920 0.000000 0.000000 0.001656 0.537959 0.092843
 59 8.136639 0.000001 0.000000 1.570797 -0.032533 -0.000001
 60 -6.125619 -12.041788 -2.062417 -1.368609 -0.348287 1.451089
 61 0.008386 -0.048311 -0.069476 0.000000 -0.000000 -0.000000
time 18
  0 -4.753207 -10.247849 -1.034938 -1.043353 -0.408133 -0.145134
  1 0.250197 -3.917488 -0.099874 0.000000 0.000000 0.000000
  2 0.337618 4.930949 0.877138 0.000000 0.000000 0.000000
  3 0.249742 5.375676 -0.431249 0.000000 0.000000 0.000000
  4 0.145596 21.588621 -5.580590 0.000000 0.000000 0.000000
  5 0.241867 9.046292 0.896506 0.000000 0.000000 0.000000
  6 0.000303 8.159075 -1.557893 0.000000 0.000000 0.000000
  7 0.246663 7.851890 -0.926848 0.000000 0.000000 0.000000
  8 -2.477793 12.401385 4.136672 0.000000 0.000000 0.000000
  9 -0.000000 0.000000 -0.000000 0.000000 0.000000 0.000000
 10 0.000000 -15.653315 -6.600977 0.000000 0.000000 0.000000
 11 1.956968 -7.061735 -11.210181 -1.045969 -0.599566 -0.265092
 12 -0.000000 0.000000 -0.000000 0.000000 0.000000 0.000000
 13 -8.049993 0.805164 -5.542013 0.000000 -1.488870 0.000000
 14 -0.000000 0.000000 -0.000000 1.494565 0.111238 -1.895185
 15 8.403361 -0.000000 -0.000001 0.000000 1.219347 0.000000
 16 8.136638 -0.000001 0.000001 -1.570796 -0.032553 -0.000000
 17 8.136637 0.000008 0.000005 -1.770119 0.366384 -0.033217
 18 1.369795 0.361444 1.237272 1.175075 -0.347333 0.479992
 19 1.320668 -0.000001 -0.000000 0.201328 -0.139079 -0.045485
 20 1.066025 0.000000 0.000001 -0.014471 -0.113783 0.196807
 21 1.039344 -0.000001 -0.000001 1.325744 0.991426 2.013611
 22 2.457049 -0.024848 0.014094 -0.000072 -0.005736 -0.010113
 23 3.525410 -0.419243 0.945131 1.648473 0.052800 0.007770
 24 1.209883 -0.000000 -0.000000 0.003943 0.285298 -0.018611
 25 0.743917 0.000000 0.000001 -0.001656 1.148181 -0.092843
 26 0.794889 -0.000000 -0.000001 -0.000005 0.704556 -0.000608
 27 3.414728 -0.449902 0.223652 1.693617 0.046763 0.558369
 28 1.390921 -0.000000 0.000000 -0.004769 1.284870 -0.018048
 29 0.906346 0.000000 0.000000 0.006062 -0.433839 0.045570
 30 0.776324 -0.000000 0.000000 0.001079 0.866577 0.033798
 31 3.289557 -0.311001 -0.505976 1.762164 0.112217 0.757107
 32 1.262953 -0.000000 -0.000000 0.410302 1.354679 0.453063
 33 0.919430 0.000000 -0.000000 -0.052499 -0.297525 0.013980
 34 0.803004 -0.000000 -0.000001 -0.163064 1.145489 -1.117549
 35 3.167419 -0.097637 -1.197365 1.832995 -0.038354 1.129403
 36 0.817884 -0.000000 0.000000 0.142196 1.147469 0.122418
 37 0.708995 -0.000000 0.000000 -0.039911 -0.253101 0.086949
 38 0.794783 -0.000000 -0.000001 -1.042950 1.141227 -1.966856
 39 5.566999 5.667288 -6.998626 0.000000 0.000000 0.000000
 40 0.000000 0.000000 0.000000 -1.402214 0.259206 -1.260977
 41 8.403364 0.000000 -0.000001 -0.000000 1.149172 -0.000000
 42 8.136636 -0.000007 0.000004 2.498176 0.282519 -0.998540
 43 1.369793 -0.361443 1.237272 -1.127491 0.097656 -0.579344
 44 1.320668 0.000001 -0.000001 -0.218662 -0.109509 0.185068
 45 1.066023 0.000000 0.000000 -0.025949 -0.111735 0.158666
 46 3.289559 0.311001 -0.505976 -1.569928 0.064069 -0.677339
 47 1.262953 0.000001 -0.000001 -0.592079 1.417311 -0.637209
 48 0.919429 0.000002 -0.000000 0.132824 1.180916 0.124669
 49 3.167421 0.097638 -1.197363 -1.577201 0.079890 -0.593938
 50 0.817882 -0.000001 -0.000001 -0.164298 1.212571 -0.146163
 51 0.708995 0.000001 -0.000000 0.062061 0.898421 -0.028374
 52 3.414728 0.449901 0.223654 -1.580784 0.013019 -0.654459
 53 1.390922 0.000001 -0.000001 0.005510 1.543565 0.018246
 54 0.906347 -0.000000 0.000001 -0.006062 0.824979 -0.045570
 55 2.457049 0.024849 0.014095 0.000073 -0.005736 0.010114
 56 3.525410 0.419243 0.945132 -1.571888 -0.021860 -0.078400
 57 1.209882 -0.000002 -0.000001 -0.003943 0.519687 0.018610
 58 0.743920 -0.000000 -0.000000 0.001656 0.537959 0.092843
 59 8.136639 0.000001 -0.000001 1.570797 -0.032533 -0.000000
 60 -6.009087 -12.105719 -2.045643 -1.361183 -0.327831 1.459249
 61 0.008385 -0.048311 -0.069476 0.000000 -0.000000 -0.000000
time 19
  0 -4.454681 -10.332832 -1.121457 -1.057662 -0.402627 -0.119278
  1 0.250197 -3.917488 -0.099874 -0.000000 0.000000 0.000000
  2 0.337618 4.930949 0.877138 -0.000000 0.000000 0.000000
  3 0.249742 5.375675 -0.431249 -0.000000 0.000000 0.000000
  4 0.145596 21.588619 -5.580591 -0.000000 0.000000 0.000000
  5 0.241867 9.046291 0.896506 -0.000000 0.000000 0.000000
  6 0.000303 8.159075 -1.557892 0.000000 0.000000 0.000000
  7 0.246663 7.851890 -0.926848 -0.000000 0.000000 0.000000
  8 -2.477793 12.401384 4.136672 -0.000000 0.000000 0.000000
  9 -0.000000 0.000000 0.000000 0.000000 0.000000 0.000000
 10 0.000000 -15.653315 -6.600977 0.000000 0.000000 0.000000
 11 2.117510 -7.138264 -11.383737 -1.062549 -0.595647 -0.235550
 12 0.000000 -0.000000 -0.000000 0.000000 0.000000 0.000000
 13 -7.268764 0.805164 -5.542013 0.000000 -1.451018 0.000000
 14 -0.000000 0.000000 -0.000000 1.519577 0.075568 -1.894443
 15 8.403360 -0.000001 -0.000001 -0.000000 1.211424 -0.000000
 16 8.136639 -0.000001 0.000000 -1.570796 -0.032553 0.000000
 17 8.136637 0.000008 0.000005 -1.709602 0.395892 -0.035450
 18 1.369795 0.361443 1.237272 1.175074 -0.347333 0.479992
 19 1.320668 -0.000000 -0.000000 0.201328 -0.139079 -0.045485
 20 1.066025 0.000000 0.000000 -0.014471 -0.113783 0.196807
 21 1.039343 -0.000001 -0.000000 1.325744 0.991426 2.013611
 22 2.457049 -0.024848 0.014095 -0.000072 -0.005736 -0.010113
 23 3.525410 -0.419243 0.945132 1.648473 0.052800 0.007770
 24 1.209883 -0.000000 0.000000 0.003943 0.285298 -0.018611
 25 0.743917 0.000001 0.000000 -0.001656 1.148181 -0.092843
 26 0.794889 -0.000000 -0.000000 -0.000005 0.704556 -0.000608
 27 3.414728 -0.449902 0.223653 1.693617 0.046763 0.558369
 28 1.390921 -0.000000 0.000000 -0.004769 1.284870 -0.018048
 29 0.906346 0.000000 0.000000 0.006062 -0.433839 0.045570
 30 0.776324 -0.000000 0.000000 0.001079 0.866577 0.033798
 31 3.289557 -0.311001 -0.505976 1.762164 0.112217 0.757107
 32 1.262952 -0.000000 0.000000 0.410302 1.354679 0.453063
 33 0.919429 -0.000000 0.000000 -0.052499 -0.297525 0.013980
 34 0.803004 -0.000001 -0.000001 -0.163064 1.145489 -1.117549
 35 3.167419 -0.097637 -1.197365 1.832995 -0.038354 1.129403
 36 0.817883 -0.000000 -0.000000 0.142196 1.147469 0.122418
 37 0.708995 0.000000 0.000000 -0.039911 -0.253101 0.086949
 38 0.794784 -0.000000 -0.000000 -1.042950 1.141227 -1.966856
 39 5.566999 5.667288 -6.998626 0.000000 0.000000 0.000000
 40 0.000000 0.000000 0.000000 -1.398247 0.270056 -1.255255
 41 8.403364 0.000001 -0.000002 -0.000000 1.130805 -0.000000
 42 8.136636 -0.000008 0.000005 2.499733 0.292172 -1.022049
 43 1.369794 -0.361442 1.237273 -1.127491 0.097656 -0.579344
 44 1.320668 0.000002 -0.000001 -0.218662 -0.109509 0.185068
 45 1.066023 0.000000 -0.000000 -0.025949 -0.111735 0.158666
 46 3.289559 0.311002 -0.505975 -1.569928 0.064069 -0.677339
 47 1.262952 -0.000001 -0.000001 -0.592079 1.417311 -0.637209
 48 0.919429 0.000002 -0.000000 0.132824 1.180916 0.124669
 49 3.167419 0.097638 -1.197363 -1.577201 0.079890 -0.593938
 50 0.817882 -0.000000 -0.000001 -0.164298 1.212571 -0.146163
 51 0.708995 0.000002 0.000000 0.062061 0.898421 -0.028374
 52 3.414728 0.449902 0.223655 -1.580784 0.013019 -0.654459
 53 1.390922 0.000002 -0.000000 0.005510 1.543565 0.018246
 54 0.906347 -0.000001 0.000000 -0.006062 0.824979 -0.045570
 55 2.457049 0.024850 0.014096 0.000073 -0.005736 0.010114
 56 3.525410 0.419244 0.945133 -1.571888 -0.021860 -0.078400
 57 1.209882 -0.000002 -0.000000 -0.003943 0.519687 0.018610
 58 0.743920 -0.000000 -0.000000 0.001656 0.537959 0.092843
 59 8.136639 -0.000000 0.000000 1.570797 -0.032533 -0.000000
 60 -5.679783 -12.228022 -2.100141 -1.354970 -0.314851 1.477500
 61 0.008386 -0.048311 -0.069476 -0.000000 0.000000 -0.000000
time 20
  0 -3.996232 -10.463341 -1.254326 -1.022644 -0.381793 -0.107726
  1 0.250197 -3.917488 -0.099873 0.000000 -0.000000 0.000000
  2 0.337618 4.930949 0.877139 0.000000 -0.000000 0.000000
  3 0.249742 5.375675 -0.431248 0.000000 -0.000000 0.000000
  4 0.145595 21.588619 -5.580590 0.000000 -0.000000 0.000000
  5 0.241867 9.046291 0.896507 0.000000 -0.000000 0.000000
  6 0.000303 8.159075 -1.557893 0.000000 0.000000 0.000000
  7 0.246663 7.851890 -0.926848 0.000000 -0.000000 0.000000
  8 -2.477793 12.401383 4.136673 0.000000 -0.000000 0.000000
  9 0.000000 -0.000000 0.000000 0.000000 0.000000 0.000000
 10 0.000000 -15.653315 -6.600977 0.000000 0.000000 0.000000
 11 2.315114 -6.754041 -11.507196 -1.027025 -0.571107 -0.230182
 12 -0.000000 0.000000 -0.000000 0.000000 0.000000 0.000000
 13 -6.397969 0.805164 -5.542013 0.000000 -1.408827 0.000000
 14 0.000000 0.000000 -0.000000 1.540647 0.044894 -1.905513
 15 8.403361 -0.000001 0.000000 0.000000 1.204161 0.000000
 16 8.136638 -0.000001 0.000000 -1.570796 -0.032553 0.000000
 17 8.136637 0.000008 0.000005 -1.643214 0.389458 -0.039283
 18 1.369795 0.361443 1.237273 1.175074 -0.347333 0.479992
 19 1.320668 -0.000001 0.000001 0.201328 -0.139079 -0.045485
 20 1.066025 0.000000 0.000000 -0.014471 -0.113783 0.196807
 21 1.039343 -0.000002 0.000000 1.325744 0.991426 2.013611
 22 2.457049 -0.024848 0.014095 -0.000072 -0.005736 -0.010113
 23 3.525410 -0.419243 0.945132 1.648473 0.052800 0.007770
 24 1.209883 -0.000000 0.000001 0.003943 0.285298 -0.018611
 25 0.743918 0.000000 0.000001 -0.001656 1.148181 -0.092843
 26 0.794889 0.000000 -0.000000 -0.000005 0.704556 -0.000608
 27 3.414728 -0.449902 0.223653 1.693617 0.046763 0.558369
 28 1.390921 -0.000000 -0.000000 -0.004769 1.284870 -0.018048
 29 0.906345 0.000000 0.000000 0.006062 -0.433839 0.045570
 30 0.776325 0.000000 -0.000000 0.001079 0.866577 0.033798
 31 3.289557 -0.311001 -0.505976 1.762164 0.112217 0.757107
 32 1.262953 -0.000000 0.000000 0.410302 1.354679 0.453063
 33 0.919429 0.000000 -0.000000 -0.052499 -0.297525 0.013980
 34 0.803004 -0.000001 -0.000001 -0.163064 1.145489 -1.117549
 35 3.167419 -0.097638 -1.197365 1.832995 -0.038354 1.129403
 36 0.817884 -0.000000 -0.000000 0.142196 1.147469 0.122418
 37 0.708995 -0.000000 -0.000000 -0.039911 -0.253101 0.086949
 38 0.794783 -0.000000 -0.000001 -1.042950 1.141227 -1.966856
 39 5.566999 5.667288 -6.998626 0.000000 0.000000 0.000000
 40 0.000000 0.000000 0.000000 -1.376834 0.278189 -1.205928
 41 8.403364 0.000000 -0.000001 -0.000000 1.209657 -0.000000
 42 8.136636 -0.000007 0.000005 2.526617 0.240496 -1.022856
 43 1.369793 -0.361443 1.237273 -1.127491 0.097656 -0.579344
 44 1.320668 0.000002 -0.000001 -0.218662 -0.109509 0.185068
 45 1.066023 -0.000000 0.000001 -0.025949 -0.111735 0.158666
 46 3.289559 0.311002 -0.505976 -1.569928 0.064069 -0.677339
 47 1.262953 0.000000 -0.000001 -0.592078 1.417310 -0.637208
 48 0.919429 0.000002 -0.000000 0.132824 1.180916 0.124669
 49 3.167420 0.097638 -1.197363 -1.577201 0.079890 -0.593938
 50 0.817882 -0.000000 -0.000001 -0.164298 1.212571 -0.146163
 51 0.708994 0.000002 0.000000 0.062061 0.898421 -0.028374
 52 3.414728 0.449902 0.223653 -1.580784 0.013019 -0.654459
 53 1.390922 0.000001 -0.000001 0.005511 1.543565 0.018247
 54 0.906347 -0.000000 0.000001 -0.006062 0.824979 -0.045570
 55 2.457049 0.024849 0.014095 0.000073 -0.005736 0.010114
 56 3.525410 0.419243 0.945133 -1.571888 -0.021860 -0.078400
 57 1.209882 -0.000002 -0.000000 -0.003943 0.519687 0.018610
 58 0.743920 -0.000000 0.000000 0.001656 0.537959 0.092843
 59 8.136639 0.000001 0.000001 1.570797 -0.032533 -0.000000
 60 -5.191176 -12.354154 -2.277739 -1.333951 -0.347808 1.495600
 61 0.008385 -0.048311 -0.069476 0.000000 -0.000000 -0.000000
time 21
  0 -3.409843 -10.630271 -1.424275 -0.929682 -0.348855 -0.097585
  1 0.250197 -3.917488 -0.099873 0.000000 -0.000000 0.000000
  2 0.337618 4.930949 0.877139 0.000000 -0.000000 0.000000
  3 0.249743 5.375675 -0.431248 0.000000 -0.000000 0.000000
  4 0.145595 21.588619 -5.580589 0.000000 -0.000000 0.000000
  5 0.241867 9.046291 0.896507 0.000000 -0.000000 0.000000
  6 0.000302 8.159075 -1.557893 0.000000 0.000000 0.000000
  7 0.246663 7.851890 -0.926847 0.000000 -0.000000 0.000000
  8 -2.477793 12.401384 4.136673 0.000000 -0.000000 0.000000
  9 -0.000000 -0.000000 0.000000 0.000000 0.000000 0.000000
 10 0.000000 -15.653315 -6.600977 0.000000 0.000000 0.000000
 11 2.473285 -5.746243 -11.436689 -0.931137 -0.527106 -0.236891
 12 -0.000000 0.000000 0.000000 0.000000 0.000000 0.000000
 13 -5.497317 0.805164 -5.542013 0.000000 -1.365189 0.000000
 14 0.000000 0.000000 -0.000001 1.554674 0.024128 -1.928427
 15 8.403361 -0.000000 -0.000000 0.000000 1.199701 0.000000
 16 8.136639 -0.000001 -0.000000 -1.570796 -0.032553 -0.000000
 17 8.136637 0.000007 0.000004 -1.561810 0.341855 -0.053135
 18 1.369795 0.361444 1.237273 1.175074 -0.347333 0.479992
 19 1.320668 -0.000001 0.000000 0.201328 -0.139079 -0.045485
 20 1.066025 -0.000000 0.000000 -0.014471 -0.113783 0.196807
 21 1.039344 -0.000002 0.000000 1.325745 0.991426 2.013611
 22 2.457049 -0.024848 0.014095 -0.000072 -0.005736 -0.010113
 23 3.525410 -0.419242 0.945132 1.648473 0.052800 0.007770
 24 1.209883 -0.000000 -0.000000 0.003943 0.285298 -0.018611
 25 0.743918 0.000001 0.000000 -0.001656 1.148181 -0.092843
 26 0.794889 0.000000 0.000000 -0.000005 0.704556 -0.000608
 27 3.414728 -0.449901 0.223653 1.693617 0.046763 0.558369
 28 1.390921 -0.000000 0.000001 -0.004769 1.284870 -0.018048
 29 0.906346 0.000000 0.000000 0.006062 -0.433838 0.045570
 30 0.776325 -0.000000 -0.000000 0.001079 0.866577 0.033798
 31 3.289557 -0.311001 -0.505976 1.762164 0.112217 0.757107
 32 1.262953 -0.000000 0.000000 0.410302 1.354679 0.453063
 33 0.919429 0.000000 -0.000000 -0.052499 -0.297525 0.013980
 34 0.803004 -0.000001 -0.000001 -0.163064 1.145489 -1.117549
 35 3.167419 -0.097637 -1.197365 1.832995 -0.038354 1.129403
 36 0.817883 -0.000000 0.000000 0.142196 1.147469 0.122418
 37 0.708995 -0.000000 0.000000 -0.039911 -0.253101 0.086949
 38 0.794783 -0.000000 -0.000000 -1.042950 1.141227 -1.966856
 39 5.566999 5.667288 -6.998626 0.000000 0.000000 0.000000
 40 0.000000 0.000000 0.000000 -1.336751 0.274806 -1.114633
 41 8.403364 0.000001 -0.000001 0.000000 1.403978 0.000000
 42 8.136636 -0.000008 0.000004 2.595228 0.098299 -1.002383
 43 1.369794 -0.361443 1.237272 -1.127491 0.097656 -0.579344
 44 1.320668 0.000002 -0.000001 -0.218662 -0.109509 0.185068
 45 1.066023 0.000000 -0.000000 -0.025949 -0.111735 0.158666
 46 3.289559 0.311001 -0.505976 -1.569928 0.064069 -0.677339
 47 1.262953 -0.000000 -0.000001 -0.592079 1.417311 -0.637208
 48 0.919429 0.000002 -0.000000 0.132824 1.180916 0.124669
 49 3.167420 0.097637 -1.197364 -1.577201 0.079890 -0.593938
 50 0.817882 -0.000001 -0.000001 -0.164298 1.212571 -0.146163
 51 0.708995 0.000002 -0.000000 0.062061 0.898421 -0.028374
 52 3.414729 0.449902 0.223654 -1.580784 0.013019 -0.654459
 53 1.390922 0.000001 -0.000000 0.005511 1.543565 0.018247
 54 0.906348 0.000000 0.000001 -0.006062 0.824979 -0.045570
 55 2.457049 0.024849 0.014095 0.000073 -0.005736 0.010114
 56 3.525410 0.419243 0.945133 -1.571888 -0.021860 -0.078400
 57 1.209882 -0.000002 -0.000000 -0.003943 0.519687 0.018610
 58 0.743920 0.000000 -0.000000 0.001656 0.537959 0.092843
 59 8.136639 0.000000 -0.000000 1.570797 -0.032533 -0.000000
 60 -4.549879 -12.473521 -2.587539 -1.302431 -0.435981 1.526927
 61 0.008386 -0.048311 -0.069476 -0.000000 0.000000 -0.000000
time 22
  0 -2.727499 -10.824516 -1.622034 -0.796917 -0.307512 -0.088431
  1 0.250197 -3.917488 -0.099873 -0.000000 0.000000 0.000000
  2 0.337618 4.930949 0.877138 -0.000000 0.000000 0.000000
  3 0.249743 5.375675 -0.431248 -0.000000 0.000000 0.000000
  4 0.145595 21.588617 -5.580590 -0.000000 0.000000 0.000000
  5 0.241867 9.046290 0.896506 -0.000000 0.000000 0.000000
  6 0.000303 8.159075 -1.557893 0.000000 0.000000 0.000000
  7 0.246663 7.851889 -0.926848 -0.000000 0.000000 0.000000
  8 -2.477793 12.401383 4.136672 -0.000000 0.000000 0.000000
  9 0.000000 0.000000 0.000000 0.000000 0.000000 0.000000
 10 0.000000 -15.653315 -6.600977 0.000000 0.000000 0.000000
 11 2.574435 -4.392498 -11.068300 -0.796761 -0.467411 -0.249081
 12 -0.000000 -0.000000 0.000000 0.000000 0.000000 0.000000
 13 -4.626521 0.805164 -5.542013 0.000000 -1.322997 0.000000
 14 -0.000000 0.000000 -0.000000 1.561238 0.014277 -1.959180
 15 8.403361 -0.000001 0.000000 -0.000000 1.200638 -0.000000
 16 8.136638 -0.000001 0.000000 -1.570796 -0.032553 0.000000
 17 8.136637 0.000007 0.000005 -1.477028 0.263680 -0.080983
 18 1.369794 0.361443 1.237273 1.175075 -0.347333 0.479992
 19 1.320668 -0.000000 0.000001 0.201328 -0.139079 -0.045485
 20 1.066025 0.000000 -0.000000 -0.014471 -0.113783 0.196807
 21 1.039343 -0.000001 -0.000001 1.325744 0.991426 2.013611
 22 2.457048 -0.024848 0.014095 -0.000072 -0.005736 -0.010113
 23 3.525409 -0.419243 0.945132 1.648473 0.052800 0.007770
 24 1.209883 -0.000001 -0.000000 0.003943 0.285298 -0.018611
 25 0.743918 0.000000 0.000000 -0.001656 1.148181 -0.092843
 26 0.794889 0.000000 0.000000 -0.000005 0.704556 -0.000608
 27 3.414728 -0.449902 0.223652 1.693617 0.046763 0.558369
 28 1.390921 -0.000001 -0.000001 -0.004769 1.284870 -0.018048
 29 0.906345 0.000000 0.000000 0.006062 -0.433838 0.045570
 30 0.776325 -0.000000 0.000000 0.001079 0.866577 0.033798
 31 3.289557 -0.311001 -0.505976 1.762164 0.112217 0.757107
 32 1.262952 -0.000000 0.000001 0.410302 1.354679 0.453063
 33 0.919429 0.000000 0.000000 -0.052499 -0.297525 0.013980
 34 0.803004 -0.000000 -0.000001 -0.163064 1.145489 -1.117549
 35 3.167419 -0.097637 -1.197365 1.832995 -0.038354 1.129403
 36 0.817884 0.000000 0.000000 0.142196 1.147469 0.122418
 37 0.708995 0.000000 0.000000 -0.039911 -0.253101 0.086949
 38 0.794783 -0.000000 -0.000000 -1.042950 1.141227 -1.966856
 39 5.566999 5.667288 -6.998626 0.000000 0.000000 0.000000
 40 0.000000 0.000000 0.000000 -1.298258 0.253292 -1.020072
 41 8.403365 0.000001 -0.000001 -0.000000 1.644624 -0.000000
 42 8.136635 -0.000008 0.000004 2.666029 -0.109478 -0.988530
 43 1.369793 -0.361443 1.237272 -1.127491 0.097656 -0.579344
 44 1.320668 0.000002 -0.000001 -0.218662 -0.109509 0.185068
 45 1.066023 0.000001 -0.000000 -0.025948 -0.111735 0.158666
 46 3.289559 0.311002 -0.505976 -1.569928 0.064069 -0.677339
 47 1.262953 0.000000 -0.000001 -0.592079 1.417310 -0.637208
 48 0.919429 0.000002 -0.000000 0.132824 1.180916 0.124669
 49 3.167420 0.097638 -1.197364 -1.577201 0.079890 -0.593938
 50 0.817882 -0.000000 -0.000001 -0.164298 1.212571 -0.146164
 51 0.708994 0.000002 0.000000 0.062061 0.898421 -0.028374
 52 3.414729 0.449903 0.223654 -1.580784 0.013019 -0.654459
 53 1.390922 0.000002 -0.000001 0.005510 1.543565 0.018246
 54 0.906347 -0.000000 0.000001 -0.006062 0.824979 -0.045570
 55 2.457048 0.024849 0.014096 0.000073 -0.005736 0.010114
 56 3.525410 0.419243 0.945132 -1.571888 -0.021860 -0.078400
 57 1.209881 -0.000002 -0.000000 -0.003943 0.519687 0.018610
 58 0.743920 -0.000000 -0.000000 0.001656 0.537959 0.092843
 59 8.136639 0.000001 -0.000000 1.570797 -0.032533 -0.000000
 60 -3.811600 -12.562500 -2.983862 -1.264987 -0.564130 1.560948
 61 0.008386 -0.048311 -0.069476 -0.000000 -0.000000 -0.000000
time 23
  0 -1.981185 -11.036972 -1.838332 -0.642490 -0.261462 -0.079839
  1 0.250197 -3.917488 -0.099874 -0.000000 0.000000 0.000000
  2 0.337618 4.930948 0.877138 -0.000000 0.000000 0.000000
  3 0.249743 5.375675 -0.431249 -0.000000 0.000000 0.000000
  4 0.145596 21.588617 -5.580590 -0.000000 0.000000 0.000000
  5 0.241867 9.046291 0.896506 -0.000000 0.000000 0.000000
  6 0.000303 8.159075 -1.557893 0.000000 0.000000 0.000000
  7 0.246663 7.851889 -0.926848 -0.000000 0.000000 0.000000
  8 -2.477793 12.401383 4.136672 -0.000000 0.000000 0.000000
  9 0.000000 0.000000 -0.000000 0.000000 0.000000 0.000000
 10 0.000000 -15.653315 -6.600977 0.000000 0.000000 0.000000
 11 2.643812 -2.982629 -10.350105 -0.644527 -0.396773 -0.260949
 12 0.000000 0.000000 0.000000 0.000000 0.000000 0.000000
 13 -3.845292 0.805164 -5.542013 0.000000 -1.285145 0.000000
 14 0.000000 0.000000 -0.000000 1.560247 0.015658 -1.992653
 15 8.403360 -0.000001 -0.000001 -0.000000 1.207373 -0.000000
 16 8.136637 -0.000001 0.000001 -1.570796 -0.032553 -0.000000
 17 8.136636 0.000008 0.000005 -1.396825 0.165626 -0.121102
 18 1.369794 0.361443 1.237272 1.175075 -0.347333 0.479992
 19 1.320667 -0.000000 -0.000000 0.201328 -0.139079 -0.045485
 20 1.066025 0.000000 -0.000000 -0.014471 -0.113783 0.196807
 21 1.039343 -0.000001 -0.000000 1.325745 0.991426 2.013611
 22 2.457048 -0.024848 0.014094 -0.000072 -0.005736 -0.010113
 23 3.525409 -0.419242 0.945132 1.648473 0.052800 0.007770
 24 1.209882 -0.000000 -0.000000 0.003943 0.285298 -0.018611
 25 0.743917 0.000000 -0.000001 -0.001656 1.148181 -0.092843
 26 0.794889 0.000000 -0.000000 -0.000005 0.704556 -0.000608
 27 3.414727 -0.449901 0.223652 1.693617 0.046763 0.558369
 28 1.390921 -0.000001 0.000000 -0.004769 1.284870 -0.018048
 29 0.906346 0.000000 0.000000 0.006062 -0.433839 0.045570
 30 0.776325 -0.000000 -0.000000 0.001079 0.866577 0.033798
 31 3.289557 -0.311000 -0.505976 1.762164 0.112217 0.757107
 32 1.262953 -0.000000 0.000000 0.410302 1.354679 0.453063
 33 0.919429 0.000000 0.000000 -0.052499 -0.297525 0.013980
 34 0.803004 -0.000001 -0.000001 -0.163064 1.145489 -1.117549
 35 3.167419 -0.097637 -1.197365 1.832995 -0.038354 1.129403
 36 0.817883 0.000000 0.000001 0.142196 1.147469 0.122418
 37 0.708995 -0.000000 0.000000 -0.039911 -0.253101 0.086949
 38 0.794783 -0.000001 -0.000000 -1.042950 1.141227 -1.966856
 39 5.566999 5.667288 -6.998626 0.000000 0.000000 0.000000
 40 0.000000 0.000000 0.000000 -1.286630 0.210259 -0.946348
 41 8.403364 0.000001 -0.000002 0.000000 1.884685 0.000000
 42 8.136637 -0.000007 0.000003 2.716081 -0.362497 -0.987284
 43 1.369793 -0.361443 1.237272 -1.127491 0.097656 -0.579344
 44 1.320668 0.000002 -0.000001 -0.218662 -0.109509 0.185068
 45 1.066023 -0.000000 0.000000 -0.025949 -0.111735 0.158666
 46 3.289558 0.311001 -0.505976 -1.569928 0.064069 -0.677339
 47 1.262953 -0.000000 -0.000001 -0.592078 1.417310 -0.637208
 48 0.919429 0.000002 -0.000000 0.132824 1.180916 0.124669
 49 3.167420 0.097638 -1.197363 -1.577201 0.079890 -0.593938
 50 0.817882 0.000000 -0.000001 -0.164298 1.212571 -0.146164
 51 0.708995 0.000002 -0.000000 0.062061 0.898421 -0.028374
 52 3.414729 0.449902 0.223654 -1.580784 0.013019 -0.654459
 53 1.390922 0.000002 -0.000001 0.005511 1.543565 0.018247
 54 0.906347 0.000000 0.000001 -0.006062 0.824979 -0.045570
 55 2.457049 0.024849 0.014096 0.000073 -0.005736 0.010114
 56 3.525410 0.419243 0.945133 -1.571888 -0.021860 -0.078400
 57 1.209882 -0.000002 -0.000000 -0.003943 0.519687 0.018610
 58 0.743920 0.000000 -0.000000 0.001656 0.537959 0.092843
 59 8.136640 0.000000 -0.000001 1.570797 -0.032533 -0.000000
 60 -3.028323 -12.607142 -3.415832 -1.224211 -0.715844 1.588549
 61 0.008385 -0.048312 -0.069476 -0.000000 -0.000000 -0.000000
time 24
  0 -1.202887 -11.258533 -2.063901 -0.484543 -0.214404 -0.071387
  1 0.250197 -3.917488 -0.099874 -0.000000 -0.000000 0.000000
  2 0.337618 4.930949 0.877138 -0.000000 -0.000000 0.000000
  3 0.249743 5.375675 -0.431248 -0.000000 -0.000000 0.000000
  4 0.145596 21.588617 -5.580588 -0.000000 -0.000000 0.000000
  5 0.241867 9.046291 0.896507 -0.000000 -0.000000 0.000000
  6 0.000303 8.159074 -1.557892 0.000000 0.000000 0.000000
  7 0.246663 7.851890 -0.926847 -0.000000 -0.000000 0.000000
  8 -2.477793 12.401383 4.136673 -0.000000 -0.000000 0.000000
  9 0.000000 0.000000 -0.000000 0.000000 0.000000 0.000000
 10 0.000000 -15.653315 -6.600977 0.000000 0.000000 0.000000
 11 2.741663 -1.768037 -9.349802 -0.492933 -0.321636 -0.268603
 12 0.000000 -0.000000 -0.000000 0.000000 0.000000 0.000000
 13 -3.213343 0.805164 -5.542013 0.000000 -1.254526 0.000000
 14 0.000000 0.000000 -0.000000 1.551533 0.028327 -2.022474
 15 8.403361 -0.000000 -0.000001 0.000000 1.216401 0.000000
 16 8.136638 -0.000001 0.000001 -1.570796 -0.032553 -0.000000
 17 8.136637 0.000008 0.000006 -1.327291 0.059262 -0.166698
 18 1.369794 0.361443 1.237272 1.175075 -0.347333 0.479992
 19 1.320667 -0.000000 -0.000001 0.201328 -0.139079 -0.045485
 20 1.066025 0.000000 0.000001 -0.014471 -0.113783 0.196807
 21 1.039343 -0.000001 -0.000000 1.325745 0.991426 2.013611
 22 2.457048 -0.024848 0.014094 -0.000072 -0.005736 -0.010113
 23 3.525409 -0.419243 0.945131 1.648473 0.052800 0.007770
 24 1.209883 -0.000001 -0.000000 0.003943 0.285298 -0.018611
 25 0.743918 0.000000 0.000001 -0.001656 1.148181 -0.092843
 26 0.794889 -0.000000 0.000000 -0.000005 0.704556 -0.000608
 27 3.414727 -0.449902 0.223652 1.693617 0.046763 0.558369
 28 1.390921 -0.000001 0.000000 -0.004769 1.284870 -0.018048
 29 0.906346 0.000000 0.000000 0.006062 -0.433839 0.045570
 30 0.776325 -0.000000 -0.000000 0.001079 0.866577 0.033798
 31 3.289557 -0.311001 -0.505977 1.762164 0.112217 0.757107
 32 1.262952 -0.000001 -0.000001 0.410302 1.354679 0.453063
 33 0.919429 0.000000 0.000000 -0.052499 -0.297525 0.013980
 34 0.803004 -0.000000 -0.000001 -0.163064 1.145489 -1.117549
 35 3.167419 -0.097637 -1.197365 1.832995 -0.038354 1.129403
 36 0.817884 -0.000000 -0.000000 0.142196 1.147469 0.122418
 37 0.708995 0.000000 0.000000 -0.039911 -0.253101 0.086949
 38 0.794783 -0.000001 -0.000001 -1.042950 1.141227 -1.966856
 39 5.566999 5.667288 -6.998626 0.000000 0.000000 0.000000
 40 0.000000 0.000000 0.000000 -1.324388 0.149474 -0.897705
 41 8.403364 0.000001 -0.000001 0.000000 2.090998 0.000000
 42 8.136636 -0.000008 0.000003 2.724252 -0.640050 -0.978198
 43 1.369793 -0.361443 1.237272 -1.127491 0.097656 -0.579344
 44 1.320668 0.000001 -0.000001 -0.218662 -0.109509 0.185068
 45 1.066023 -0.000000 -0.000000 -0.025948 -0.111735 0.158666
 46 3.289558 0.311001 -0.505976 -1.569928 0.064069 -0.677339
 47 1.262953 0.000000 -0.000001 -0.592079 1.417311 -0.637209
 48 0.919429 0.000002 -0.000000 0.132824 1.180916 0.124669
 49 3.167420 0.097638 -1.197364 -1.577201 0.079890 -0.593938
 50 0.817882 -0.000000 -0.000001 -0.164298 1.212571 -0.146164
 51 0.708995 0.000002 -0.000000 0.062061 0.898421 -0.028374
 52 3.414728 0.449902 0.223654 -1.580784 0.013019 -0.654459
 53 1.390922 0.000002 -0.000001 0.005510 1.543565 0.018247
 54 0.906348 0.000000 0.000001 -0.006062 0.824979 -0.045570
 55 2.457049 0.024849 0.014095 0.000073 -0.005736 0.010114
 56 3.525410 0.419243 0.945132 -1.571888 -0.021860 -0.078400
 57 1.209882 -0.000002 -0.000000 -0.003943 0.519687 0.018610
 58 0.743920 -0.000000 -0.000000 0.001656 0.537959 0.092843
 59 8.136639 0.000001 -0.000001 1.570797 -0.032533 -0.000000
 60 -2.242187 -12.613669 -3.834183 -1.179493 -0.873308 1.602301
 61 0.008386 -0.048311 -0.069476 -0.000000 -0.000000 -0.000000
time 25
  0 -0.424588 -11.480095 -2.289469 -0.341216 -0.170036 -0.062651
  1 0.250197 -3.917488 -0.099874 0.000000 0.000000 0.000000
  2 0.337618 4.930949 0.877138 0.000000 0.000000 0.000000
  3 0.249743 5.375675 -0.431248 0.000000 0.000000 0.000000
  4 0.145596 21.588619 -5.580590 0.000000 0.000000 0.000000
  5 0.241867 9.046291 0.896506 0.000000 0.000000 0.000000
  6 0.000303 8.159075 -1.557892 0.000000 0.000000 0.000000
  7 0.246663 7.851890 -0.926848 0.000000 0.000000 0.000000
  8 -2.477793 12.401384 4.136672 0.000000 0.000000 0.000000
  9 0.000000 0.000000 -0.000000 0.000000 0.000000 0.000000
 10 0.000000 -15.653315 -6.600977 0.000000 0.000000 0.000000
 11 2.926114 -0.905544 -8.261488 -0.358592 -0.249846 -0.270377
 12 0.000000 -0.000000 0.000000 0.000000 0.000000 0.000000
 13 -2.790385 0.805164 -5.542013 0.000000 -1.234033 0.000000
 14 0.000000 0.000000 -0.000000 1.534781 0.052731 -2.041661
 15 8.403360 -0.000000 -0.000001 -0.000000 1.220018 -0.000000
 16 8.136638 -0.000001 0.000001 -1.570796 -0.032553 -0.000000
 17 8.136637 0.000007 0.000006 -1.275766 -0.042259 -0.207259
 18 1.369794 0.361444 1.237272 1.175075 -0.347333 0.479992
 19 1.320668 -0.000001 0.000000 0.201328 -0.139079 -0.045485
 20 1.066025 0.000000 0.000000 -0.014471 -0.113783 0.196807
 21 1.039343 -0.000001 -0.000000 1.325745 0.991426 2.013611
 22 2.457049 -0.024848 0.014094 -0.000072 -0.005736 -0.010113
 23 3.525410 -0.419243 0.945131 1.648473 0.052800 0.007770
 24 1.209883 -0.000001 0.000000 0.003943 0.285298 -0.018611
 25 0.743917 -0.000000 0.000000 -0.001656 1.148181 -0.092843
 26 0.794890 0.000000 -0.000000 -0.000005 0.704556 -0.000608
 27 3.414728 -0.449902 0.223652 1.693617 0.046763 0.558369
 28 1.390921 -0.000001 -0.000000 -0.004769 1.284870 -0.018048
 29 0.906346 0.000000 0.000000 0.006062 -0.433839 0.045570
 30 0.776324 0.000000 -0.000000 0.001079 0.866577 0.033798
 31 3.289557 -0.311001 -0.505976 1.762164 0.112217 0.757107
 32 1.262953 -0.000001 -0.000000 0.410302 1.354679 0.453063
 33 0.919429 0.000000 -0.000000 -0.052499 -0.297525 0.013980
 34 0.803004 -0.000001 -0.000001 -0.163064 1.145489 -1.117549
 35 3.167419 -0.097637 -1.197366 1.832995 -0.038354 1.129403
 36 0.817884 -0.000000 0.000001 0.142196 1.147469 0.122418
 37 0.708994 0.000000 0.000000 -0.039911 -0.253101 0.086949
 38 0.794784 -0.000000 -0.000000 -1.042950 1.141227 -1.966856
 39 5.566999 5.667288 -6.998626 0.000000 0.000000 0.000000
 40 0.000000 0.000000 0.000000 -1.414217 0.081635 -0.858819
 41 8.403364 0.000001 -0.000001 0.000000 2.242010 -0.000000
 42 8.136636 -0.000007 0.000003 2.648940 -0.910013 -0.907980
 43 1.369793 -0.361442 1.237272 -1.127491 0.097656 -0.579344
 44 1.320668 0.000002 -0.000001 -0.218662 -0.109509 0.185068
 45 1.066023 0.000000 -0.000000 -0.025949 -0.111735 0.158666
 46 3.289559 0.311001 -0.505977 -1.569928 0.064069 -0.677339
 47 1.262953 0.000000 -0.000001 -0.592079 1.417311 -0.637209
 48 0.919429 0.000002 -0.000001 0.132824 1.180916 0.124669
 49 3.167420 0.097638 -1.197364 -1.577201 0.079890 -0.593938
 50 0.817882 -0.000000 -0.000001 -0.164298 1.212571 -0.146163
 51 0.708995 0.000001 -0.000000 0.062061 0.898421 -0.028374
 52 3.414728 0.449902 0.223653 -1.580784 0.013019 -0.654459
 53 1.390922 0.000002 -0.000001 0.005510 1.543565 0.018246
 54 0.906348 -0.000000 0.000000 -0.006062 0.824979 -0.045570
 55 2.457049 0.024849 0.014095 0.000073 -0.005736 0.010114
 56 3.525410 0.419243 0.945132 -1.571888 -0.021860 -0.078400
 57 1.209882 -0.000002 -0.000000 -0.003943 0.519687 0.018610
 58 0.743920 -0.000000 0.000000 0.001656 0.537959 0.092843
 59 8.136639 0.000001 -0.000001 1.570797 -0.032533 -0.000000
 60 -1.483108 -12.608725 -4.201580 -1.127087 -1.017623 1.595867
 61 0.008386 -0.048311 -0.069476 -0.000000 -0.000000 -0.000000
time 26
  0 0.321725 -11.692552 -2.505768 -0.230650 -0.132057 -0.053206
  1 0.250197 -3.917489 -0.099873 0.000000 -0.000000 0.000000
  2 0.337618 4.930948 0.877138 0.000000 -0.000000 0.000000
  3 0.249743 5.375675 -0.431248 0.000000 -0.000000 0.000000
  4 0.145596 21.588619 -5.580590 0.000000 -0.000000 0.000000
  5 0.241868 9.046291 0.896506 0.000000 -0.000000 0.000000
  6 0.000303 8.159075 -1.557893 0.000000 0.000000 0.000000
  7 0.246663 7.851889 -0.926848 0.000000 -0.000000 0.000000
  8 -2.477793 12.401383 4.136672 0.000000 -0.000000 0.000000
  9 -0.000000 0.000000 -0.000000 0.000000 0.000000 0.000000
 10 0.000000 -15.653315 -6.600977 0.000000 0.000000 0.000000
 11 3.216494 -0.433165 -7.359620 -0.257190 -0.189853 -0.266418
 12 -0.000000 -0.000000 -0.000000 0.000000 0.000000 0.000000
 13 -2.636130 0.805164 -5.542013 0.000000 -1.226559 0.000000
 14 -0.000000 0.000000 -0.000000 1.509915 0.090186 -2.043641
 15 8.403361 -0.000001 -0.000000 -0.000000 1.206696 -0.000000
 16 8.136638 -0.000001 0.000002 -1.570796 -0.032553 -0.000000
 17 8.136637 0.000008 0.000006 -1.253235 -0.123087 -0.229793
 18 1.369794 0.361443 1.237272 1.175075 -0.347333 0.479992
 19 1.320667 -0.000000 -0.000000 0.201328 -0.139079 -0.045485
 20 1.066026 0.000000 0.000000 -0.014471 -0.113783 0.196807
 21 1.039343 -0.000001 -0.000001 1.325744 0.991426 2.013611
 22 2.457048 -0.024849 0.014094 -0.000072 -0.005736 -0.010113
 23 3.525410 -0.419243 0.945132 1.648473 0.052800 0.007770
 24 1.209884 -0.000000 0.000001 0.003943 0.285298 -0.018611
 25 0.743917 0.000000 0.000001 -0.001656 1.148181 -0.092843
 26 0.794889 -0.000001 -0.000001 -0.000005 0.704556 -0.000608
 27 3.414727 -0.449902 0.223652 1.693617 0.046763 0.558369
 28 1.390921 -0.000001 0.000001 -0.004769 1.284870 -0.018048
 29 0.906346 0.000000 0.000000 0.006062 -0.433839 0.045570
 30 0.776324 0.000000 -0.000000 0.001079 0.866577 0.033798
 31 3.289557 -0.311001 -0.505976 1.762164 0.112217 0.757107
 32 1.262953 -0.000000 0.000000 0.410302 1.354679 0.453063
 33 0.919430 0.000000 -0.000000 -0.052499 -0.297525 0.013980
 34 0.803004 -0.000001 -0.000001 -0.163064 1.145489 -1.117549
 35 3.167418 -0.097637 -1.197366 1.832995 -0.038354 1.129403
 36 0.817884 0.000000 0.000000 0.142196 1.147469 0.122418
 37 0.708995 -0.000000 0.000000 -0.039911 -0.253101 0.086949
 38 0.794784 -0.000000 -0.000000 -1.042950 1.141227 -1.966856
 39 5.566999 5.667288 -6.998626 0.000000 0.000000 0.000000
 40 0.000000 0.000000 0.000000 -1.520977 0.023693 -0.811308
 41 8.403363 0.000001 -0.000001 0.000000 2.328179 0.000000
 42 8.136636 -0.000008 0.000003 2.425578 -1.107815 -0.701812
 43 1.369793 -0.361442 1.237272 -1.127491 0.097656 -0.579344
 44 1.320668 0.000001 -0.000001 -0.218662 -0.109509 0.185068
 45 1.066023 -0.000000 0.000000 -0.025949 -0.111735 0.158666
 46 3.289559 0.311001 -0.505976 -1.569928 0.064069 -0.677339
 47 1.262953 -0.000000 -0.000001 -0.592079 1.417310 -0.637208
 48 0.919429 0.000002 -0.000000 0.132824 1.180916 0.124669
 49 3.167420 0.097637 -1.197364 -1.577201 0.079890 -0.593938
 50 0.817882 -0.000000 -0.000001 -0.164298 1.212571 -0.146163
 51 0.708995 0.000002 -0.000000 0.062061 0.898421 -0.028374
 52 3.414728 0.449902 0.223654 -1.580784 0.013019 -0.654459
 53 1.390922 0.000002 -0.000001 0.005509 1.543565 0.018245
 54 0.906347 0.000000 0.000001 -0.006062 0.824979 -0.045570
 55 2.457049 0.024849 0.014096 0.000073 -0.005736 0.010114
 56 3.525410 0.419243 0.945132 -1.571888 -0.021860 -0.078400
 57 1.209882 -0.000002 -0.000000 -0.003943 0.519687 0.018610
 58 0.743920 0.000000 -0.000000 0.001656 0.537959 0.092843
 59 8.136639 0.000000 -0.000001 1.570797 -0.032533 -0.000000
 60 -0.771487 -12.631615 -4.499128 -1.063336 -1.129313 1.565848
 61 0.008386 -0.048311 -0.069476 0.000000 -0.000000 -0.000000
time 27
  0 1.004069 -11.886797 -2.703526 -0.150254 -0.096849 -0.041311
  1 0.250197 -3.917489 -0.099873 -0.000000 0.000000 0.000000
  2 0.337618 4.930948 0.877138 -0.000000 0.000000 0.000000
  3 0.249742 5.375675 -0.431248 -0.000000 0.000000 0.000000
  4 0.145596 21.588617 -5.580589 -0.000000 0.000000 0.000000
  5 0.241867 9.046291 0.896506 -0.000000 0.000000 0.000000
  6 0.000303 8.159075 -1.557892 0.000000 0.000000 0.000000
  7 0.246663 7.851889 -0.926848 -0.000000 0.000000 0.000000
  8 -2.477793 12.401383 4.136672 -0.000000 0.000000 0.000000
  9 -0.000000 -0.000000 0.000000 0.000000 0.000000 0.000000
 10 0.000000 -15.653315 -6.600977 0.000000 0.000000 0.000000
 11 3.517986 -0.209418 -6.707573 -0.185681 -0.138449 -0.257030
 12 -0.000000 0.000000 -0.000000 0.000000 0.000000 0.000000
 13 -2.636130 0.805164 -5.542013 0.000000 -1.226559 0.000000
 14 -0.000000 0.000000 -0.000000 1.484354 0.131837 -2.032503
 15 8.403361 -0.000001 -0.000000 -0.000000 1.175743 -0.000000
 16 8.136638 -0.000001 0.000002 -1.570796 -0.032553 0.000000
 17 8.136637 0.000007 0.000006 -1.251997 -0.179832 -0.240833
 18 1.369795 0.361443 1.237272 1.175075 -0.347333 0.479992
 19 1.320667 -0.000000 0.000000 0.201328 -0.139079 -0.045485
 20 1.066025 0.000000 -0.000000 -0.014471 -0.113783 0.196807
 21 1.039343 -0.000001 -0.000000 1.325744 0.991426 2.013611
 22 2.457049 -0.024849 0.014094 -0.000072 -0.005736 -0.010113
 23 3.525411 -0.419244 0.945132 1.648473 0.052800 0.007770
 24 1.209882 -0.000001 0.000000 0.003943 0.285298 -0.018611
 25 0.743917 0.000000 0.000000 -0.001656 1.148181 -0.092843
 26 0.794889 -0.000001 -0.000000 -0.000005 0.704556 -0.000608
 27 3.414728 -0.449902 0.223653 1.693617 0.046763 0.558369
 28 1.390921 -0.000001 0.000000 -0.004769 1.284870 -0.018048
 29 0.906346 0.000001 0.000000 0.006062 -0.433839 0.045570
 30 0.776324 -0.000000 0.000000 0.001079 0.866577 0.033798
 31 3.289557 -0.311001 -0.505976 1.762164 0.112217 0.757107
 32 1.262952 -0.000000 0.000000 0.410302 1.354679 0.453063
 33 0.919430 -0.000000 0.000000 -0.052499 -0.297525 0.013980
 34 0.803003 0.000000 -0.000001 -0.163064 1.145489 -1.117549
 35 3.167419 -0.097638 -1.197365 1.832995 -0.038354 1.129403
 36 0.817884 0.000000 -0.000001 0.142196 1.147469 0.122418
 37 0.708995 0.000000 -0.000000 -0.039911 -0.253101 0.086949
 38 0.794783 0.000000 -0.000000 -1.042950 1.141227 -1.966856
 39 5.566999 5.667288 -6.998626 0.000000 0.000000 0.000000
 40 0.000000 0.000000 0.000000 -1.613362 -0.019293 -0.760766
 41 8.403364 0.000001 -0.000001 -0.000000 2.369527 -0.000000
 42 8.136636 -0.000007 0.000003 2.057344 -1.208811 -0.358620
 43 1.369793 -0.361443 1.237272 -1.127491 0.097656 -0.579344
 44 1.320668 0.000001 -0.000001 -0.218662 -0.109509 0.185068
 45 1.066023 -0.000000 -0.000000 -0.025949 -0.111735 0.158666
 46 3.289559 0.311001 -0.505977 -1.569928 0.064069 -0.677339
 47 1.262953 -0.000000 -0.000001 -0.592079 1.417311 -0.637209
 48 0.919429 0.000002 -0.000000 0.132824 1.180916 0.124669
 49 3.167420 0.097637 -1.197364 -1.577201 0.079890 -0.593938
 50 0.817882 0.000000 -0.000001 -0.164298 1.212571 -0.146163
 51 0.708995 0.000002 -0.000000 0.062061 0.898421 -0.028374
 52 3.414729 0.449902 0.223654 -1.580784 0.013019 -0.654459
 53 1.390922 0.000002 -0.000000 0.005510 1.543565 0.018246
 54 0.906348 0.000000 0.000001 -0.006062 0.824979 -0.045570
 55 2.457049 0.024849 0.014095 0.000073 -0.005736 0.010114
 56 3.525410 0.419243 0.945132 -1.571888 -0.021860 -0.078400
 57 1.209882 -0.000002 -0.000000 -0.003943 0.519687 0.018610
 58 0.743920 0.000000 0.000000 0.001656 0.537959 0.092843
 59 8.136639 0.000001 -0.000001 1.570797 -0.032533 -0.000000
 60 -0.133972 -12.685456 -4.732675 -0.975821 -1.209695 1.506295
 61 0.008386 -0.048311 -0.069476 0.000000 0.000000 -0.000000
time 28
  0 1.590459 -12.053727 -2.873475 -0.086001 -0.061415 -0.027321
  1 0.250197 -3.917489 -0.099874 -0.000000 -0.000000 0.000000
  2 0.337618 4.930949 0.877138 -0.000000 -0.000000 0.000000
  3 0.249743 5.375675 -0.431249 -0.000000 -0.000000 0.000000
  4 0.145596 21.588619 -5.580590 -0.000000 -0.000000 0.000000
  5 0.241868 9.046291 0.896506 -0.000000 -0.000000 0.000000
  6 0.000303 8.159075 -1.557893 0.000000 0.000000 0.000000
  7 0.246663 7.851889 -0.926848 -0.000000 -0.000000 0.000000
  8 -2.477793 12.401383 4.136672 -0.000000 -0.000000 0.000000
  9 -0.000000 0.000000 -0.000000 0.000000 0.000000 0.000000
 10 0.000000 -15.653315 -6.600977 0.000000 0.000000 0.000000
 11 3.757462 -0.093023 -6.183912 -0.130368 -0.090091 -0.244268
 12 0.000000 0.000000 0.000000 0.000000 0.000000 0.000000
 13 -2.636130 0.805164 -5.542013 0.000000 -1.226559 0.000000
 14 -0.000000 0.000000 -0.000000 1.465138 0.166450 -2.018962
 15 8.403361 -0.000000 -0.000000 -0.000000 1.141832 -0.000000
 16 8.136637 -0.000001 0.000001 -1.570796 -0.032553 0.000000
 17 8.136636 0.000008 0.000005 -1.253957 -0.223436 -0.254031
 18 1.369794 0.361444 1.237272 1.175074 -0.347333 0.479992
 19 1.320668 -0.000000 -0.000000 0.201328 -0.139079 -0.045485
 20 1.066024 0.000000 -0.000000 -0.014471 -0.113783 0.196807
 21 1.039344 -0.000001 0.000000 1.325744 0.991426 2.013611
 22 2.457049 -0.024848 0.014095 -0.000072 -0.005736 -0.010113
 23 3.525410 -0.419243 0.945132 1.648473 0.052800 0.007770
 24 1.209883 -0.000000 0.000001 0.003943 0.285298 -0.018611
 25 0.743917 -0.000000 -0.000000 -0.001656 1.148181 -0.092843
 26 0.794889 -0.000000 -0.000001 -0.000005 0.704556 -0.000608
 27 3.414727 -0.449901 0.223652 1.693617 0.046763 0.558369
 28 1.390921 -0.000001 0.000001 -0.004769 1.284870 -0.018048
 29 0.906346 0.000000 0.000000 0.006062 -0.433839 0.045570
 30 0.776325 -0.000000 0.000000 0.001079 0.866577 0.033798
 31 3.289557 -0.311001 -0.505976 1.762164 0.112217 0.757107
 32 1.262953 -0.000001 0.000000 0.410301 1.354679 0.453063
 33 0.919429 0.000000 0.000000 -0.052499 -0.297525 0.013980
 34 0.803004 -0.000000 -0.000001 -0.163064 1.145489 -1.117549
 35 3.167418 -0.097637 -1.197366 1.832995 -0.038354 1.129403
 36 0.817884 0.000000 0.000000 0.142196 1.147469 0.122418
 37 0.708995 0.000000 0.000000 -0.039911 -0.253101 0.086949
 38 0.794784 -0.000001 -0.000001 -1.042950 1.141227 -1.966856
 39 5.566999 5.667288 -6.998626 0.000000 0.000000 0.000000
 40 0.000000 0.000000 0.000000 -1.693514 -0.054263 -0.718673
 41 8.403363 0.000001 -0.000002 0.000000 2.387766 -0.000000
 42 8.136636 -0.000008 0.000003 1.626205 -1.235521 0.043923
 43 1.369793 -0.361442 1.237272 -1.127491 0.097656 -0.579344
 44 1.320668 0.000001 -0.000001 -0.218662 -0.109509 0.185068
 45 1.066023 0.000000 -0.000000 -0.025949 -0.111735 0.158666
 46 3.289558 0.311001 -0.505976 -1.569928 0.064069 -0.677339
 47 1.262953 0.000000 -0.000001 -0.592079 1.417310 -0.637208
 48 0.919429 0.000002 -0.000000 0.132824 1.180916 0.124669
 49 3.167420 0.097637 -1.197364 -1.577201 0.079890 -0.593938
 50 0.817882 0.000000 -0.000001 -0.164298 1.212571 -0.146163
 51 0.708995 0.000002 -0.000000 0.062061 0.898421 -0.028374
 52 3.414728 0.449902 0.223654 -1.580784 0.013019 -0.654459
 53 1.390922 0.000002 -0.000001 0.005510 1.543565 0.018246
 54 0.906347 0.000000 0.000001 -0.006062 0.824979 -0.045570
 55 2.457049 0.024849 0.014096 0.000073 -0.005736 0.010114
 56 3.525410 0.419243 0.945132 -1.571888 -0.021860 -0.078400
 57 1.209882 -0.000002 -0.000000 -0.003943 0.519687 0.018610
 58 0.743920 -0.000000 -0.000000 0.001656 0.537959 0.092843
 59 8.136639 0.000001 -0.000001 1.570797 -0.032533 -0.000000
 60 0.399024 -12.741850 -4.912448 -0.851277 -1.270845 1.407494
 61 0.008387 -0.048311 -0.069476 0.000000 0.000000 -0.000000
time 29
  0 2.048908 -12.184236 -3.006345 -0.038882 -0.030379 -0.013958
  1 0.250197 -3.917488 -0.099874 0.000000 0.000000 0.000000
  2 0.337618 4.930949 0.877138 0.000000 0.000000 0.000000
  3 0.249743 5.375676 -0.431249 0.000000 0.000000 0.000000
  4 0.145596 21.588617 -5.580590 0.000000 0.000000 0.000000
  5 0.241868 9.046291 0.896506 0.000000 0.000000 0.000000
  6 0.000303 8.159074 -1.557892 0.000000 0.000000 0.000000
  7 0.246663 7.851890 -0.926848 0.000000 0.000000 0.000000
  8 -2.477793 12.401383 4.136672 0.000000 0.000000 0.000000
  9 -0.000000 -0.000000 0.000000 0.000000 0.000000 0.000000
 10 0.000000 -15.653315 -6.600977 0.000000 0.000000 0.000000
 11 3.937040 -0.046353 -5.802790 -0.090997 -0.049639 -0.231491
 12 0.000000 0.000000 0.000000 0.000000 0.000000 0.000000
 13 -2.636130 0.805164 -5.542013 0.000000 -1.226559 0.000000
 14 -0.000000 0.000000 -0.000000 1.452125 0.192761 -2.005650
 15 8.403361 -0.000000 -0.000000 -0.000000 1.110477 0.000000
 16 8.136639 -0.000001 0.000002 -1.570796 -0.032553 0.000000
 17 8.136638 0.000008 0.000006 -1.257844 -0.254315 -0.266609
 18 1.369795 0.361443 1.237273 1.175074 -0.347333 0.479992
 19 1.320668 -0.000001 -0.000000 0.201328 -0.139079 -0.045485
 20 1.066026 0.000000 0.000000 -0.014471 -0.113783 0.196807
 21 1.039343 -0.000001 -0.000000 1.325744 0.991426 2.013611
 22 2.457049 -0.024848 0.014095 -0.000072 -0.005736 -0.010113
 23 3.525411 -0.419243 0.945132 1.648473 0.052800 0.007770
 24 1.209883 -0.000000 0.000000 0.003943 0.285298 -0.018611
 25 0.743917 0.000001 -0.000000 -0.001656 1.148181 -0.092843
 26 0.794889 -0.000000 0.000001 -0.000005 0.704556 -0.000608
 27 3.414728 -0.449901 0.223652 1.693617 0.046763 0.558369
 28 1.390921 -0.000001 0.000000 -0.004769 1.284870 -0.018048
 29 0.906346 0.000001 0.000001 0.006062 -0.433839 0.045570
 30 0.776325 0.000001 0.000000 0.001079 0.866577 0.033798
 31 3.289557 -0.311001 -0.505976 1.762164 0.112217 0.757107
 32 1.262953 -0.000000 0.000001 0.410302 1.354679 0.453063
 33 0.919429 -0.000000 0.000000 -0.052499 -0.297525 0.013980
 34 0.803004 -0.000001 -0.000001 -0.163064 1.145489 -1.117549
 35 3.167419 -0.097637 -1.197365 1.832995 -0.038354 1.129403
 36 0.817884 -0.000000 0.000000 0.142196 1.147469 0.122418
 37 0.708994 0.000000 0.000000 -0.039911 -0.253101 0.086949
 38 0.794784 -0.000001 -0.000001 -1.042950 1.141227 -1.966856
 39 5.566999 5.667288 -6.998626 0.000000 0.000000 0.000000
 40 0.000000 0.000000 0.000000 -1.752874 -0.079782 -0.686405
 41 8.403365 0.000001 -0.000001 -0.000000 2.391927 -0.000000
 42 8.136636 -0.000008 0.000002 1.307001 -1.212976 0.336549
 43 1.369793 -0.361443 1.237271 -1.127491 0.097656 -0.579344
 44 1.320668 0.000002 -0.000001 -0.218662 -0.109509 0.185068
 45 1.066023 -0.000001 0.000000 -0.025949 -0.111735 0.158666
 46 3.289559 0.311001 -0.505976 -1.569928 0.064069 -0.677339
 47 1.262953 0.000000 -0.000001 -0.592079 1.417311 -0.637209
 48 0.919429 0.000002 -0.000000 0.132824 1.180916 0.124669
 49 3.167420 0.097638 -1.197364 -1.577201 0.079890 -0.593938
 50 0.817882 -0.000000 -0.000001 -0.164298 1.212571 -0.146163
 51 0.708995 0.000002 -0.000000 0.062061 0.898421 -0.028374
 52 3.414728 0.449902 0.223653 -1.580784 0.013019 -0.654459
 53 1.390922 0.000002 -0.000001 0.005510 1.543565 0.018246
 54 0.906348 0.000000 0.000001 -0.006062 0.824979 -0.045570
 55 2.457049 0.024849 0.014095 0.000073 -0.005736 0.010114
 56 3.525410 0.419243 0.945132 -1.571888 -0.021860 -0.078400
 57 1.209882 -0.000002 -0.000000 -0.003943 0.519687 0.018610
 58 0.743920 0.000000 -0.000000 0.001656 0.537959 0.092843
 59 8.136640 0.000001 -0.000002 1.570797 -0.032533 -0.000000
 60 0.806341 -12.794097 -5.039700 -0.706649 -1.310739 1.283979
 61 0.008386 -0.048311 -0.069476 -0.000000 0.000000 -0.000000
time 30
  0 2.347434 -12.269218 -3.092864 -0.009885 -0.008366 -0.003943
  1 0.250197 -3.917487 -0.099874 -0.000000 -0.000000 0.000000
  2 0.337618 4.930948 0.877138 -0.000000 -0.000000 0.000000
  3 0.249742 5.375674 -0.431249 -0.000000 -0.000000 0.000000
  4 0.145596 21.588617 -5.580590 -0.000000 -0.000000 0.000000
  5 0.241867 9.046290 0.896506 -0.000000 -0.000000 0.000000
  6 0.000303 8.159074 -1.557893 0.000000 0.000000 0.000000
  7 0.246663 7.851889 -0.926848 -0.000000 -0.000000 0.000000
  8 -2.477793 12.401382 4.136672 -0.000000 -0.000000 0.000000
  9 -0.000000 -0.000000 -0.000000 0.000000 0.000000 0.000000
 10 0.000000 -15.653315 -6.600977 0.000000 0.000000 0.000000
 11 4.049294 -0.035342 -5.572634 -0.067429 -0.021884 -0.221758
 12 0.000000 0.000000 0.000000 0.000000 0.000000 0.000000
 13 -2.636130 0.805164 -5.542013 0.000000 -1.226559 0.000000
 14 -0.000000 0.000000 -0.000000 1.444879 0.209610 -1.994770
 15 8.403361 -0.000001 0.000000 -0.000000 1.086037 -0.000000
 16 8.136638 -0.000001 0.000001 -1.570796 -0.032553 0.000000
 17 8.136637 0.000008 0.000005 -1.262112 -0.271975 -0.275943
 18 1.369795 0.361444 1.237272 1.175075 -0.347333 0.479992
 19 1.320668 -0.000000 -0.000000 0.201328 -0.139079 -0.045485
 20 1.066024 -0.000000 -0.000001 -0.014471 -0.113783 0.196807
 21 1.039343 -0.000001 0.000000 1.325744 0.991426 2.013611
 22 2.457048 -0.024848 0.014094 -0.000072 -0.005736 -0.010113
 23 3.525410 -0.419243 0.945132 1.648473 0.052800 0.007770
 24 1.209882 -0.000000 0.000000 0.003943 0.285298 -0.018611
 25 0.743917 -0.000000 -0.000000 -0.001656 1.148181 -0.092843
 26 0.794889 0.000000 0.000000 -0.000005 0.704556 -0.000608
 27 3.414727 -0.449901 0.223652 1.693617 0.046763 0.558369
 28 1.390922 -0.000000 0.000000 -0.004769 1.284870 -0.018048
 29 0.906346 -0.000000 0.000000 0.006062 -0.433839 0.045570
 30 0.776325 -0.000001 -0.000000 0.001079 0.866577 0.033798
 31 3.289557 -0.311001 -0.505976 1.762164 0.112217 0.757107
 32 1.262953 -0.000000 0.000000 0.410301 1.354679 0.453063
 33 0.919430 -0.000001 -0.000000 -0.052499 -0.297525 0.013980
 34 0.803004 0.000000 -0.000000 -0.163064 1.145489 -1.117549
 35 3.167419 -0.097637 -1.197365 1.832995 -0.038354 1.129403
 36 0.817884 -0.000000 -0.000000 0.142196 1.147469 0.122418
 37 0.708994 0.000001 0.000001 -0.039911 -0.253101 0.086949
 38 0.794784 -0.000001 -0.000001 -1.042950 1.141227 -1.966856
 39 5.566999 5.667288 -6.998626 0.000000 0.000000 0.000000
 40 0.000000 0.000000 0.000000 -1.788301 -0.095145 -0.666105
 41 8.403364 0.000001 -0.000001 -0.000000 2.390583 -0.000000
 42 8.136636 -0.000007 0.000002 1.139098 -1.184603 0.485020
 43 1.369793 -0.361442 1.237272 -1.127491 0.097656 -0.579344
 44 1.320668 0.000001 -0.000001 -0.218662 -0.109509 0.185068
 45 1.066023 0.000000 -0.000000 -0.025949 -0.111735 0.158666
 46 3.289558 0.311001 -0.505976 -1.569928 0.064069 -0.677339
 47 1.262953 0.000000 -0.000002 -0.592079 1.417310 -0.637208
 48 0.919429 0.000002 -0.000000 0.132824 1.180916 0.124669
 49 3.167420 0.097638 -1.197364 -1.577201 0.079890 -0.593938
 50 0.817882 -0.000000 -0.000001 -0.164298 1.212571 -0.146163
 51 0.708995 0.000002 -0.000000 0.062061 0.898421 -0.028374
 52 3.414728 0.449902 0.223654 -1.580784 0.013019 -0.654459
 53 1.390922 0.000002 -0.000001 0.005510 1.543565 0.018246
 54 0.906348 -0.000000 0.000001 -0.006062 0.824979 -0.045570
 55 2.457048 0.024849 0.014095 0.000073 -0.005736 0.010114
 56 3.525409 0.419244 0.945132 -1.571888 -0.021860 -0.078400
 57 1.209881 -0.000002 -0.000000 -0.003943 0.519687 0.018610
 58 0.743920 0.000000 -0.000000 0.001656 0.537959 0.092843
 59 8.136639 0.000001 -0.000002 1.570797 -0.032533 -0.000000
 60 1.066952 -12.833215 -5.115909 -0.584244 -1.331014 1.175937
 61 0.008386 -0.048312 -0.069475 -0.000000 0.000000 -0.000000
time 31
  0 2.454050 -12.299569 -3.123764 0.000000 0.000000 0.000000
  1 0.250197 -3.917489 -0.099874 -0.000000 -0.000000 0.000000
  2 0.337618 4.930949 0.877138 -0.000000 -0.000000 0.000000
  3 0.249743 5.375675 -0.431248 -0.000000 -0.000000 0.000000
  4 0.145596 21.588619 -5.580589 -0.000000 -0.000000 0.000000
  5 0.241868 9.046291 0.896506 -0.000000 -0.000000 0.000000
  6 0.000303 8.159075 -1.557893 0.000000 0.000000 0.000000
  7 0.246663 7.851890 -0.926848 -0.000000 -0.000000 0.000000
  8 -2.477793 12.401383 4.136672 -0.000000 -0.000000 0.000000
  9 -0.000000 0.000000 -0.000000 0.000000 0.000000 0.000000
 10 0.000000 -15.653315 -6.600977 0.000000 0.000000 0.000000
 11 4.086855 -0.035025 -5.496159 -0.059584 -0.011580 -0.217905
 12 -0.000000 -0.000000 -0.000000 0.000000 0.000000 0.000000
 13 -2.636130 0.805164 -5.542013 0.000000 -1.226559 0.000000
 14 -0.000000 0.000000 -0.000000 1.442513 0.215523 -1.990652
 15 8.403361 -0.000000 -0.000000 0.000000 1.076959 0.000000
 16 8.136638 -0.000001 0.000002 -1.570796 -0.032553 -0.000000
 17 8.136637 0.000008 0.000006 -1.264078 -0.277936 -0.279647
 18 1.369795 0.361443 1.237272 1.175075 -0.347333 0.479992
 19 1.320667 -0.000000 0.000000 0.201328 -0.139079 -0.045485
 20 1.066025 0.000000 0.000000 -0.014471 -0.113783 0.196807
 21 1.039343 -0.000001 0.000000 1.325744 0.991426 2.013611
 22 2.457049 -0.024849 0.014095 -0.000072 -0.005736 -0.010113
 23 3.525410 -0.419243 0.945132 1.648473 0.052800 0.007770
 24 1.209882 -0.000000 -0.000000 0.003943 0.285298 -0.018611
 25 0.743918 0.000001 0.000000 -0.001656 1.148181 -0.092843
 26 0.794889 -0.000000 0.000000 -0.000005 0.704556 -0.000608
 27 3.414727 -0.449902 0.223652 1.693617 0.046763 0.558369
 28 1.390921 -0.000000 0.000001 -0.004769 1.284870 -0.018048
 29 0.906346 0.000000 0.000000 0.006062 -0.433839 0.045570
 30 0.776325 0.000000 0.000000 0.001079 0.866577 0.033798
 31 3.289557 -0.311001 -0.505976 1.762164 0.112217 0.757107
 32 1.262952 -0.000001 0.000000 0.410302 1.354679 0.453063
 33 0.919429 0.000001 0.000000 -0.052499 -0.297525 0.013980
 34 0.803004 -0.000001 -0.000001 -0.163064 1.145489 -1.117549
 35 3.167419 -0.097638 -1.197365 1.832995 -0.038354 1.129403
 36 0.817883 -0.000000 -0.000001 0.142196 1.147469 0.122418
 37 0.708995 -0.000001 -0.000000 -0.039911 -0.253101 0.086949
 38 0.794783 -0.000001 -0.000001 -1.042950 1.141227 -1.966856
 39 5.566999 5.667288 -6.998626 0.000000 0.000000 0.000000
 40 0.000000 0.000000 0.000000 -1.799891 -0.100234 -0.659321
 41 8.403364 0.000001 -0.000001 0.000000 2.389426 0.000000
 42 8.136637 -0.000007 0.000003 1.087826 -1.173508 0.528806
 43 1.369793 -0.361442 1.237272 -1.127491 0.097656 -0.579344
 44 1.320668 0.000002 -0.000001 -0.218662 -0.109509 0.185068
 45 1.066023 0.000000 -0.000000 -0.025949 -0.111735 0.158666
 46 3.289559 0.311001 -0.505976 -1.569928 0.064069 -0.677339
 47 1.262953 0.000000 -0.000001 -0.592079 1.417311 -0.637209
 48 0.919429 0.000002 -0.000000 0.132824 1.180916 0.124669
 49 3.167420 0.097638 -1.197364 -1.577201 0.079890 -0.593938
 50 0.817882 0.000000 -0.000001 -0.164298 1.212571 -0.146163
 51 0.708995 0.000002 -0.000000 0.062061 0.898421 -0.028374
 52 3.414728 0.449902 0.223653 -1.580784 0.013019 -0.654459
 53 1.390922 0.000002 -0.000001 0.005510 1.543565 0.018246
 54 0.906348 0.000000 0.000001 -0.006062 0.824979 -0.045570
 55 2.457049 0.024849 0.014095 0.000073 -0.005736 0.010114
 56 3.525410 0.419243 0.945132 -1.571888 -0.021860 -0.078400
 57 1.209882 -0.000002 -0.000000 -0.003943 0.519687 0.018610
 58 0.743920 0.000000 -0.000000 0.001656 0.537959 0.092843
 59 8.136640 0.000001 -0.000001 1.570797 -0.032533 -0.000000
 60 1.158923 -12.848692 -5.141572 -0.534647 -1.336689 1.131709
 61 0.008386 -0.048311 -0.069476 -0.000000 -0.000000 -0.000000
end
