version 1
nodes
  0 "Base"  -1
  1 "Pump"   0
  2 "Bolt"   0
  3 "Cover"   0
  4 "Shell"   0
  5 "Stock"   0
  6 "Stock_flip"   5
  7 "Trigger"   0
  8 "Holder"   0
  9 "Pin"   8
 10 "Hand_Mesh"  -1
 11 "Left_Hand_C"  -1
 12 "IK Chain02"  11
 13 "Dummy01"  -1
 14 "Right_U_Arm"  13
 15 "Right_L_Arm"  14
 16 "Right_L_Arm_End"  15
 17 "Right_Hand"  15
 18 "Bone22"  17
 19 "Bone23"  18
 20 "Bone24"  19
 21 "Bone25"  20
 22 "Right_Hand_End"  17
 23 "Bone06"  17
 24 "Bone07"  23
 25 "Bone08"  24
 26 "Bone09"  25
 27 "Bone10"  17
 28 "Bone11"  27
 29 "Bone12"  28
 30 "Bone13"  29
 31 "Bone14"  17
 32 "Bone15"  31
 33 "Bone16"  32
 34 "Bone17"  33
 35 "Bone18"  17
 36 "Bone19"  35
 37 "Bone20"  36
 38 "Bone21"  37
 39 "Dummy02"  -1
 40 "Left_U_Arm"  39
 41 "Left_L_Arm"  40
 42 "Left_Hand"  41
 43 "Left_thumb_1"  42
 44 "Left_thumb_2"  43
 45 "Left_thumb_3"  44
 46 "Left_ring_1"  42
 47 "Left_ring_2"  46
 48 "Left_ring_3"  47
 49 "Left_pingky_1"  42
 50 "Left_pingky_2"  49
 51 "Left_pingky_3"  50
 52 "Left_middle_1"  42
 53 "Left_middle_2"  52
 54 "Left_middle_3"  53
 55 "Left_Hand_End"  42
 56 "Left_point_1"  42
 57 "Left_point_2"  56
 58 "Left_point_3"  57
 59 "Left_L_Arm_End"  41
 60 "Right_Hand_C"  -1
 61 "IK Chain01"  60
end
skeleton
time 0
  0 2.454050 -12.299569 -3.123764 0.000000 0.000000 0.000000
  1 0.250197 -3.917489 -0.099874 0.000000 0.000000 0.000000
  2 0.337618 4.930951 0.877138 0.000000 0.000000 0.000000
  3 0.249743 5.375676 -0.431249 0.000000 0.000000 0.000000
  4 -2.477793 12.401384 4.136672 0.000000 0.000000 0.000000
  5 0.241868 9.046293 0.896507 0.000000 0.000000 0.000000
  6 0.000303 8.159075 -1.557892 0.000000 0.000000 0.000000
  7 0.246664 8.082764 -0.926848 0.000000 0.000000 0.000000
  8 -2.477793 12.401384 4.136672 0.000000 0.000000 0.000000
  9 0.000000 0.000000 0.000000 0.000000 0.000000 0.000000
 10 0.000000 -15.653315 -6.600977 0.000000 0.000000 0.000000
 11 4.086855 -0.035025 -5.496159 -0.059584 -0.011580 -0.217905
 12 -0.000000 -0.000000 -0.000000 0.000000 0.000000 0.000000
 13 -2.636130 0.330815 -2.304476 0.000000 -1.226559 0.000000
 14 -0.000000 0.000000 -0.000000 1.391307 0.284196 -2.248058
 15 8.403362 0.000000 -0.000001 -0.000000 1.117358 -0.000000
 16 8.136638 -0.000000 -0.000000 -1.570796 -0.032553 0.000000
 17 8.136637 0.000008 0.000005 -1.411284 -0.112305 -0.213957
 18 1.369795 0.361443 1.237272 1.175075 -0.347333 0.479992
 19 1.320667 -0.000000 -0.000000 0.201328 -0.139079 -0.045485
 20 1.066026 0.000000 0.000000 -0.014471 -0.113783 0.196807
 21 1.039343 -0.000001 0.000000 1.325745 0.991426 2.013611
 22 2.457048 -0.024848 0.014094 -0.000072 -0.005736 -0.010113
 23 3.525409 -0.419242 0.945131 1.648473 0.052800 0.007770
 24 1.209883 0.000000 -0.000000 0.003943 0.285298 -0.018611
 25 0.743918 0.000001 0.000000 -0.001656 1.148181 -0.092843
 26 0.794889 -0.000000 -0.000000 -0.000005 0.704556 -0.000608
 27 3.414727 -0.449902 0.223652 1.693617 0.046763 0.558369
 28 1.390921 -0.000000 -0.000000 -0.004769 1.284870 -0.018048
 29 0.906346 0.000000 0.000000 0.006062 -0.433839 0.045570
 30 0.776324 -0.000000 0.000000 0.001079 0.866577 0.033798
 31 3.289557 -0.311001 -0.505976 1.762164 0.112217 0.757107
 32 1.262952 -0.000001 0.000000 0.410302 1.354679 0.453063
 33 0.919429 -0.000000 0.000000 -0.052499 -0.297525 0.013980
 34 0.803004 -0.000000 -0.000001 -0.163064 1.145489 -1.117549
 35 3.167418 -0.097637 -1.197365 1.832995 -0.038354 1.129404
 36 0.817884 -0.000001 -0.000001 0.142196 1.147469 0.122418
 37 0.708994 0.000000 0.000000 -0.039911 -0.253101 0.086949
 38 0.794783 -0.000001 -0.000000 -1.042950 1.141227 -1.966856
 39 5.566999 5.667288 -3.006967 0.000000 0.000000 0.000000
 40 0.000000 0.000000 0.000000 -1.204980 0.164989 -0.659017
 41 8.403363 0.000000 -0.000001 0.000000 2.347157 0.000000
 42 8.136636 -0.000008 0.000003 2.432659 -0.992837 -0.929069
 43 1.369793 -0.361443 1.237272 -1.127491 0.097656 -0.579344
 44 1.320668 0.000001 -0.000001 -0.218662 -0.109509 0.185068
 45 1.066023 0.000000 0.000000 -0.025948 -0.111735 0.158666
 46 3.289559 0.311001 -0.505976 -1.569928 0.064069 -0.677339
 47 1.262953 0.000000 -0.000001 -0.592079 1.417311 -0.637209
 48 0.919429 0.000002 -0.000000 0.132824 1.180916 0.124669
 49 3.167420 0.097638 -1.197364 -1.577201 0.079890 -0.593938
 50 0.817882 -0.000000 -0.000001 -0.164298 1.212571 -0.146163
 51 0.708995 0.000002 -0.000000 0.062061 0.898421 -0.028374
 52 3.414728 0.449902 0.223654 -1.580784 0.013019 -0.654459
 53 1.390922 0.000002 -0.000001 0.005510 1.543565 0.018246
 54 0.906347 0.000000 0.000001 -0.006062 0.824979 -0.045570
 55 2.457049 0.024849 0.014095 0.000073 -0.005736 0.010114
 56 3.525410 0.419243 0.945132 -1.582286 -0.026814 -0.287264
 57 1.209881 -0.000002 -0.000000 -0.003943 1.026206 0.018610
 58 0.743920 0.000000 -0.000000 0.001656 1.150047 0.092843
 59 8.136639 -0.000000 -0.000002 1.570797 -0.032533 -0.000000
 60 1.158924 -12.848692 -5.141571 -0.534646 -1.336689 1.131709
 61 0.008386 -0.048311 -0.069476 -0.000000 -0.000000 -0.000000
time 1
  0 2.454050 -11.887838 -2.908226 0.027343 0.000000 0.000000
  1 0.250197 -3.917487 -0.099874 0.000000 0.000000 0.000000
  2 0.337618 4.930951 0.877138 0.000000 0.000000 0.000000
  3 0.249743 5.375677 -0.431249 0.000000 0.000000 0.000000
  4 -2.477793 12.401385 4.136672 0.000000 0.000000 0.000000
  5 0.241868 9.046294 0.896507 0.000000 0.000000 0.000000
  6 0.000303 8.159075 -1.557892 0.000000 0.000000 0.000000
  7 0.246664 8.082764 -0.926848 0.000000 0.000000 0.000000
  8 -2.477793 12.401385 4.136672 0.000000 0.000000 0.000000
  9 0.000000 -0.000000 0.000000 0.000000 0.000000 0.000000
 10 0.000000 -15.653315 -6.600977 0.000000 0.000000 0.000000
 11 4.086855 0.436981 -4.944427 -0.032888 -0.005665 -0.218135
 12 0.000000 0.000000 0.000000 0.000000 0.000000 0.000000
 13 -2.636130 0.330815 -2.304476 0.000000 -1.226559 0.000000
 14 -0.000000 0.000000 -0.000000 1.372653 0.280381 -2.290382
 15 8.403362 -0.000000 -0.000001 0.000000 1.221829 0.000000
 16 8.136638 -0.000000 0.000000 -1.570796 -0.032553 0.000000
 17 8.136637 0.000007 0.000005 -1.381783 -0.196443 -0.213948
 18 1.369794 0.361443 1.237272 1.175075 -0.347333 0.479992
 19 1.320667 -0.000000 0.000000 0.201328 -0.139079 -0.045485
 20 1.066025 0.000000 -0.000000 -0.014471 -0.113783 0.196807
 21 1.039343 -0.000001 0.000000 1.325744 0.991426 2.013611
 22 2.457048 -0.024848 0.014094 -0.000072 -0.005736 -0.010113
 23 3.525409 -0.419243 0.945131 1.648473 0.052800 0.007770
 24 1.209883 0.000000 -0.000000 0.003943 0.285298 -0.018611
 25 0.743917 -0.000000 -0.000000 -0.001656 1.148181 -0.092843
 26 0.794889 0.000000 -0.000000 -0.000005 0.704556 -0.000608
 27 3.414727 -0.449902 0.223653 1.693617 0.046763 0.558369
 28 1.390921 -0.000001 -0.000000 -0.004769 1.284870 -0.018048
 29 0.906346 0.000000 0.000000 0.006062 -0.433839 0.045570
 30 0.776325 -0.000000 -0.000000 0.001079 0.866577 0.033798
 31 3.289556 -0.311001 -0.505976 1.762164 0.112217 0.757107
 32 1.262953 -0.000000 0.000000 0.410301 1.354679 0.453063
 33 0.919429 0.000001 0.000000 -0.052499 -0.297525 0.013980
 34 0.803004 -0.000000 -0.000000 -0.163064 1.145489 -1.117549
 35 3.167418 -0.097638 -1.197365 1.832995 -0.038354 1.129403
 36 0.817884 -0.000000 -0.000001 0.142196 1.147469 0.122418
 37 0.708995 -0.000001 -0.000000 -0.039911 -0.253101 0.086949
 38 0.794783 -0.000001 -0.000000 -1.042950 1.141227 -1.966856
 39 5.566999 5.667288 -3.006967 0.000000 0.000000 0.000000
 40 0.000000 0.000000 0.000000 -1.253509 0.130925 -0.654182
 41 8.403363 -0.000000 -0.000001 0.000000 2.429513 0.000000
 42 8.136636 -0.000008 0.000002 2.433007 -1.098246 -0.915530
 43 1.369793 -0.361442 1.237272 -1.127491 0.097656 -0.579344
 44 1.320668 0.000002 -0.000001 -0.218662 -0.109509 0.185068
 45 1.066023 0.000000 0.000000 -0.025949 -0.111735 0.158666
 46 3.289559 0.311002 -0.505976 -1.569928 0.064069 -0.677339
 47 1.262953 0.000000 -0.000001 -0.592079 1.417311 -0.637209
 48 0.919429 0.000002 -0.000000 0.132824 1.180916 0.124669
 49 3.167420 0.097638 -1.197364 -1.577201 0.079890 -0.593938
 50 0.817882 0.000000 -0.000001 -0.164298 1.212571 -0.146163
 51 0.708995 0.000002 -0.000000 0.062061 0.898421 -0.028374
 52 3.414728 0.449902 0.223654 -1.580784 0.013019 -0.654459
 53 1.390922 0.000001 -0.000001 0.005510 1.543565 0.018246
 54 0.906348 -0.000000 0.000001 -0.006062 0.824979 -0.045570
 55 2.457049 0.024849 0.014095 0.000073 -0.005736 0.010114
 56 3.525410 0.419244 0.945132 -1.582286 -0.026814 -0.287264
 57 1.209882 -0.000002 -0.000000 -0.003943 1.026206 0.018610
 58 0.743920 0.000000 -0.000000 0.001656 1.150047 0.092843
 59 8.136638 -0.000000 -0.000002 1.570797 -0.032533 -0.000000
 60 1.158924 -12.381589 -4.940292 -0.478779 -1.361121 1.077206
 61 0.008386 -0.048311 -0.069476 -0.000000 -0.000000 -0.000000
time 2
  0 2.454050 -10.982031 -2.434044 -0.027684 0.000000 0.000000
  1 0.250197 -3.917489 -0.099874 0.000000 0.000000 0.000000
  2 0.337618 4.930950 0.877138 0.000000 0.000000 0.000000
  3 0.249743 5.375675 -0.431249 0.000000 0.000000 0.000000
  4 -2.477793 12.401383 4.136672 0.000000 0.000000 0.000000
  5 0.241868 9.046292 0.896507 0.000000 0.000000 0.000000
  6 0.000303 8.159074 -1.557892 0.000000 0.000000 0.000000
  7 0.246664 8.082763 -0.926848 0.000000 0.000000 0.000000
  8 -2.477793 12.401383 4.136672 0.000000 0.000000 0.000000
  9 0.000000 -0.000000 -0.000000 0.000000 0.000000 0.000000
 10 0.000000 -15.653315 -6.600977 0.000000 0.000000 0.000000
 11 4.086855 1.212143 -5.145020 -0.086618 -0.017560 -0.217511
 12 -0.000000 -0.000000 -0.000000 0.000000 0.000000 0.000000
 13 -2.636130 0.330815 -2.304476 0.000000 -1.226559 0.000000
 14 -0.000000 0.000000 -0.000000 1.344246 0.270491 -2.341009
 15 8.403362 -0.000000 -0.000001 0.000000 1.388536 0.000000
 16 8.136638 -0.000001 -0.000000 -1.570796 -0.032553 -0.000000
 17 8.136636 0.000007 0.000005 -1.388796 -0.267080 -0.193520
 18 1.369795 0.361443 1.237272 1.175075 -0.347333 0.479992
 19 1.320667 -0.000000 -0.000000 0.201328 -0.139079 -0.045485
 20 1.066024 0.000000 -0.000000 -0.014471 -0.113783 0.196807
 21 1.039343 -0.000001 -0.000000 1.325745 0.991426 2.013612
 22 2.457049 -0.024848 0.014094 -0.000072 -0.005736 -0.010113
 23 3.525409 -0.419243 0.945131 1.648473 0.052800 0.007770
 24 1.209883 -0.000000 0.000000 0.003943 0.285298 -0.018611
 25 0.743917 -0.000000 0.000000 -0.001656 1.148181 -0.092843
 26 0.794890 -0.000000 -0.000000 -0.000005 0.704556 -0.000608
 27 3.414728 -0.449901 0.223652 1.693617 0.046763 0.558369
 28 1.390922 -0.000001 0.000000 -0.004769 1.284870 -0.018048
 29 0.906346 0.000001 0.000001 0.006062 -0.433838 0.045570
 30 0.776325 -0.000000 -0.000000 0.001079 0.866577 0.033798
 31 3.289557 -0.311001 -0.505977 1.762164 0.112217 0.757107
 32 1.262953 -0.000000 -0.000000 0.410302 1.354679 0.453063
 33 0.919429 0.000000 0.000000 -0.052499 -0.297525 0.013980
 34 0.803003 -0.000000 -0.000001 -0.163064 1.145489 -1.117549
 35 3.167419 -0.097637 -1.197366 1.832995 -0.038354 1.129403
 36 0.817884 -0.000000 0.000000 0.142196 1.147469 0.122418
 37 0.708995 0.000000 0.000000 -0.039911 -0.253101 0.086949
 38 0.794783 -0.000000 -0.000001 -1.042950 1.141227 -1.966856
 39 5.566999 5.667288 -3.006967 0.000000 0.000000 0.000000
 40 0.000000 0.000000 0.000000 -1.168692 0.148855 -0.656300
 41 8.403363 -0.000000 -0.000001 -0.000000 2.508034 0.000000
 42 8.136636 -0.000008 0.000003 2.731169 -1.027375 -1.217930
 43 1.369793 -0.361443 1.237272 -1.127491 0.097656 -0.579344
 44 1.320668 0.000002 -0.000001 -0.218662 -0.109509 0.185068
 45 1.066023 -0.000000 0.000000 -0.025949 -0.111735 0.158666
 46 3.289559 0.311001 -0.505976 -1.569928 0.064069 -0.677339
 47 1.262953 -0.000000 -0.000001 -0.592079 1.417311 -0.637209
 48 0.919429 0.000002 -0.000000 0.132824 1.180916 0.124669
 49 3.167420 0.097637 -1.197364 -1.577201 0.079890 -0.593938
 50 0.817882 0.000000 -0.000001 -0.164298 1.212571 -0.146163
 51 0.708995 0.000002 -0.000000 0.062061 0.898421 -0.028374
 52 3.414728 0.449902 0.223654 -1.580784 0.013019 -0.654459
 53 1.390922 0.000002 -0.000001 0.005510 1.543565 0.018246
 54 0.906348 -0.000000 0.000001 -0.006062 0.824979 -0.045570
 55 2.457049 0.024849 0.014095 0.000073 -0.005736 0.010114
 56 3.525410 0.419243 0.945132 -1.582286 -0.026814 -0.287264
 57 1.209882 -0.000002 -0.000001 -0.003943 1.026206 0.018610
 58 0.743920 -0.000000 -0.000000 0.001656 1.150047 0.092843
 59 8.136639 0.000000 -0.000002 1.570797 -0.032533 -0.000000
 60 1.158924 -11.586798 -4.435878 -0.580535 -1.311368 1.176211
 61 0.008386 -0.048311 -0.069476 -0.000000 -0.000000 -0.000000
time 3
  0 2.454050 -10.076223 -1.959862 -0.129878 0.000000 0.000000
  1 0.250197 -3.917488 -0.099874 0.000000 0.000000 0.000000
  2 0.337618 4.930950 0.877138 0.000000 0.000000 0.000000
  3 0.249743 5.375676 -0.431249 0.000000 0.000000 0.000000
  4 -2.477793 12.401383 4.136672 0.000000 0.000000 0.000000
  5 0.241868 9.046292 0.896507 0.000000 0.000000 0.000000
  6 0.000303 8.159074 -1.557892 0.000000 0.000000 0.000000
  7 0.246664 8.065661 -0.926848 0.000000 0.000000 0.000000
  8 -2.477793 12.401383 4.136672 0.000000 0.000000 0.000000
  9 0.000000 0.000000 -0.000000 0.000000 0.000000 0.000000
 10 0.000000 -15.653315 -6.600977 0.000000 0.000000 0.000000
 11 4.086855 1.777770 -5.900690 -0.186473 -0.039489 -0.214660
 12 -0.000000 -0.000000 -0.000000 0.000000 0.000000 0.000000
 13 -2.636130 0.330815 -2.304476 0.000000 -1.226559 0.000000
 14 -0.000000 0.000000 -0.000000 1.322512 0.259734 -2.365999
 15 8.403362 -0.000000 -0.000001 -0.000000 1.523405 -0.000000
 16 8.136638 -0.000001 -0.000001 -1.570796 -0.032553 0.000000
 17 8.136637 0.000007 0.000005 -1.426875 -0.292216 -0.164822
 18 1.369794 0.361443 1.237272 1.175075 -0.347333 0.479992
 19 1.320667 -0.000001 0.000000 0.201328 -0.139079 -0.045485
 20 1.066025 -0.000000 -0.000000 -0.014471 -0.113783 0.196807
 21 1.039344 -0.000002 -0.000000 1.325745 0.991426 2.013611
 22 2.457048 -0.024848 0.014094 -0.000072 -0.005736 -0.010113
 23 3.525409 -0.419243 0.945132 1.648473 0.052800 0.007770
 24 1.209884 -0.000000 -0.000000 0.003943 0.285298 -0.018611
 25 0.743918 0.000001 0.000001 -0.001656 1.148181 -0.092843
 26 0.794890 -0.000000 -0.000001 -0.000005 0.704556 -0.000608
 27 3.414728 -0.449902 0.223652 1.693617 0.046763 0.558369
 28 1.390921 -0.000000 0.000001 -0.004769 1.284870 -0.018048
 29 0.906346 0.000000 -0.000000 0.006062 -0.433839 0.045570
 30 0.776324 -0.000000 0.000000 0.001079 0.866577 0.033798
 31 3.289557 -0.311001 -0.505976 1.762164 0.112217 0.757107
 32 1.262953 -0.000000 0.000001 0.410301 1.354679 0.453063
 33 0.919430 -0.000000 -0.000000 -0.052499 -0.297525 0.013980
 34 0.803003 -0.000001 -0.000001 -0.163064 1.145489 -1.117549
 35 3.167419 -0.097637 -1.197365 1.832995 -0.038354 1.129404
 36 0.817884 0.000000 0.000000 0.142196 1.147469 0.122418
 37 0.708995 0.000000 0.000000 -0.039911 -0.253101 0.086949
 38 0.794784 -0.000001 -0.000000 -1.042950 1.141227 -1.966856
 39 5.566999 5.667288 -3.006967 0.000000 0.000000 0.000000
 40 0.000000 0.000000 0.000000 -0.994091 0.203136 -0.664363
 41 8.403363 0.000001 -0.000001 -0.000000 2.519460 -0.000000
 42 8.136636 -0.000008 0.000003 2.930579 -0.779631 -1.440257
 43 1.369793 -0.361443 1.237272 -1.127491 0.097656 -0.579344
 44 1.320668 0.000002 -0.000001 -0.218662 -0.109509 0.185068
 45 1.066023 -0.000000 0.000000 -0.025949 -0.111735 0.158666
 46 3.289558 0.311001 -0.505976 -1.569928 0.064069 -0.677339
 47 1.262953 -0.000000 -0.000001 -0.592079 1.417311 -0.637209
 48 0.919429 0.000002 -0.000000 0.132824 1.180916 0.124669
 49 3.167420 0.097637 -1.197364 -1.577201 0.079890 -0.593938
 50 0.817882 0.000000 -0.000001 -0.164298 1.212571 -0.146163
 51 0.708995 0.000002 0.000000 0.062061 0.898421 -0.028374
 52 3.414728 0.449901 0.223654 -1.580784 0.013019 -0.654459
 53 1.390922 0.000002 -0.000001 0.005510 1.543565 0.018246
 54 0.906347 -0.000000 0.000001 -0.006062 0.824979 -0.045570
 55 2.457048 0.024849 0.014095 0.000073 -0.005736 0.010114
 56 3.525409 0.419243 0.945132 -1.581516 -0.026447 -0.271793
 57 1.209882 -0.000002 -0.000001 -0.003943 0.988686 0.018610
 58 0.743920 -0.000000 -0.000000 0.001656 1.104707 0.092843
 59 8.136638 -0.000000 -0.000002 1.570797 -0.032533 -0.000000
 60 1.158924 -10.882052 -3.889556 -0.693329 -1.214902 1.283844
 61 0.008386 -0.048312 -0.069476 -0.000000 -0.000000 -0.000000
time 4
  0 2.454050 -9.664493 -1.744324 -0.184905 0.000000 0.000000
  1 0.250197 -3.917489 -0.099873 0.000000 0.000000 0.000000
  2 0.337618 4.930951 0.877138 0.000000 0.000000 0.000000
  3 0.249743 5.375676 -0.431249 0.000000 0.000000 0.000000
  4 -2.477793 12.401385 4.136672 0.000000 0.000000 0.000000
  5 0.241868 9.046294 0.896507 0.000000 0.000000 0.000000
  6 0.000303 8.159075 -1.557892 0.000000 0.000000 0.000000
  7 0.246664 8.022907 -0.926847 0.000000 0.000000 0.000000
  8 -2.477793 12.401385 4.136672 0.000000 0.000000 0.000000
  9 0.000000 -0.000000 -0.000000 0.000000 0.000000 0.000000
 10 0.000000 -15.653315 -6.600977 0.000000 0.000000 0.000000
 11 4.086855 1.954816 -6.331151 -0.240307 -0.051148 -0.212221
 12 0.000000 0.000000 0.000000 0.000000 0.000000 0.000000
 13 -2.636130 0.330815 -2.304476 0.000000 -1.226559 0.000000
 14 -0.000000 0.000000 -0.000000 1.314139 0.254539 -2.370958
 15 8.403362 -0.000000 -0.000001 -0.000000 1.578655 -0.000000
 16 8.136638 -0.000000 -0.000000 -1.570796 -0.032553 0.000000
 17 8.136637 0.000008 0.000005 -1.449395 -0.296423 -0.151064
 18 1.369795 0.361443 1.237272 1.175075 -0.347333 0.479992
 19 1.320668 -0.000001 -0.000000 0.201328 -0.139079 -0.045485
 20 1.066025 0.000000 -0.000000 -0.014471 -0.113783 0.196807
 21 1.039344 -0.000002 -0.000000 1.325744 0.991426 2.013611
 22 2.457048 -0.024848 0.014094 -0.000072 -0.005736 -0.010113
 23 3.525410 -0.419243 0.945132 1.648473 0.052800 0.007770
 24 1.209883 -0.000000 -0.000000 0.003943 0.285298 -0.018611
 25 0.743917 0.000000 0.000001 -0.001656 1.148181 -0.092843
 26 0.794889 0.000000 -0.000000 -0.000005 0.704556 -0.000608
 27 3.414728 -0.449902 0.223652 1.693617 0.046763 0.558369
 28 1.390921 -0.000000 0.000000 -0.004769 1.284870 -0.018048
 29 0.906346 0.000000 0.000000 0.006062 -0.433839 0.045570
 30 0.776325 0.000000 0.000000 0.001079 0.866577 0.033798
 31 3.289557 -0.311001 -0.505976 1.762164 0.112217 0.757107
 32 1.262953 -0.000000 -0.000000 0.410302 1.354679 0.453063
 33 0.919429 0.000000 0.000000 -0.052499 -0.297525 0.013980
 34 0.803003 -0.000001 -0.000000 -0.163064 1.145489 -1.117549
 35 3.167419 -0.097637 -1.197365 1.832995 -0.038354 1.129404
 36 0.817884 0.000000 0.000000 0.142196 1.147469 0.122418
 37 0.708995 0.000000 0.000000 -0.039911 -0.253101 0.086949
 38 0.794783 -0.000000 -0.000000 -1.042950 1.141227 -1.966856
 39 5.566999 5.667288 -3.006967 0.000000 0.000000 0.000000
 40 0.000000 0.000000 0.000000 -0.910839 0.232160 -0.667605
 41 8.403363 -0.000000 -0.000001 0.000000 2.502948 -0.000000
 42 8.136636 -0.000007 0.000003 2.968600 -0.647555 -1.495221
 43 1.369793 -0.361442 1.237272 -1.127491 0.097656 -0.579344
 44 1.320668 0.000002 -0.000001 -0.218662 -0.109509 0.185068
 45 1.066023 -0.000000 0.000000 -0.025949 -0.111735 0.158666
 46 3.289559 0.311001 -0.505976 -1.569928 0.064069 -0.677339
 47 1.262953 -0.000000 -0.000001 -0.592079 1.417311 -0.637209
 48 0.919429 0.000002 -0.000000 0.132824 1.180916 0.124669
 49 3.167420 0.097638 -1.197364 -1.577201 0.079890 -0.593938
 50 0.817882 -0.000000 -0.000001 -0.164298 1.212571 -0.146163
 51 0.708995 0.000002 -0.000000 0.062061 0.898421 -0.028374
 52 3.414728 0.449902 0.223654 -1.580784 0.013019 -0.654459
 53 1.390922 0.000002 -0.000000 0.005510 1.543565 0.018246
 54 0.906347 0.000000 0.000001 -0.006062 0.824979 -0.045570
 55 2.457049 0.024849 0.014095 0.000073 -0.005736 0.010114
 56 3.525410 0.419243 0.945133 -1.579591 -0.025530 -0.233114
 57 1.209882 -0.000002 -0.000001 -0.003943 0.894886 0.018610
 58 0.743920 0.000000 -0.000000 0.001656 0.991358 0.092843
 59 8.136638 0.000000 -0.000002 1.570797 -0.032533 -0.000000
 60 1.158924 -10.575234 -3.626778 -0.732485 -1.161841 1.320185
 61 0.008386 -0.048311 -0.069476 -0.000000 0.000000 -0.000000
time 5
  0 2.449952 -9.796194 -1.895143 -0.167562 -0.000357 -0.001796
  1 0.250197 -3.917488 -0.099873 0.000000 0.000000 0.000000
  2 0.337618 4.930951 0.877138 0.000000 0.000000 0.000000
  3 0.249743 5.375677 -0.431249 0.000000 0.000000 0.000000
  4 -2.477793 12.401385 4.136672 0.000000 0.000000 0.000000
  5 0.241868 9.046294 0.896507 0.000000 0.000000 0.000000
  6 0.000303 8.159075 -1.557893 0.000000 0.000000 0.000000
  7 0.246664 7.967327 -0.926848 0.000000 0.000000 0.000000
  8 -2.477793 12.401385 4.136672 0.000000 0.000000 0.000000
  9 -0.000000 0.000000 -0.000000 0.000000 0.000000 0.000000
 10 0.000000 -15.653315 -6.600977 0.000000 0.000000 0.000000
 11 4.105330 1.897957 -6.279194 -0.223258 -0.047837 -0.214857
 12 -0.000000 -0.000000 -0.000000 0.000000 0.000000 0.000000
 13 -2.636130 0.330815 -2.304476 0.000000 -1.226559 0.000000
 14 -0.000000 0.000000 -0.000000 1.315531 0.257664 -2.376629
 15 8.403362 -0.000000 -0.000001 -0.000001 1.559999 -0.000001
 16 8.136638 -0.000000 -0.000001 -1.570796 -0.032553 0.000000
 17 8.136637 0.000008 0.000005 -1.447511 -0.288602 -0.152799
 18 1.369794 0.361444 1.237272 1.175075 -0.347333 0.479992
 19 1.320668 -0.000000 -0.000000 0.201328 -0.139079 -0.045485
 20 1.066025 0.000000 -0.000000 -0.014471 -0.113783 0.196807
 21 1.039343 -0.000002 -0.000000 1.325745 0.991426 2.013611
 22 2.457049 -0.024848 0.014095 -0.000072 -0.005736 -0.010113
 23 3.525410 -0.419243 0.945132 1.648473 0.052800 0.007770
 24 1.209883 -0.000000 0.000000 0.003943 0.285298 -0.018611
 25 0.743917 0.000001 0.000001 -0.001656 1.148181 -0.092843
 26 0.794889 -0.000000 -0.000001 -0.000005 0.704556 -0.000608
 27 3.414728 -0.449901 0.223653 1.693617 0.046763 0.558369
 28 1.390921 -0.000001 -0.000000 -0.004769 1.284870 -0.018048
 29 0.906347 0.000000 0.000000 0.006062 -0.433839 0.045570
 30 0.776325 -0.000000 -0.000000 0.001079 0.866577 0.033798
 31 3.289557 -0.311001 -0.505976 1.762164 0.112217 0.757107
 32 1.262953 -0.000000 -0.000000 0.410302 1.354679 0.453063
 33 0.919429 0.000001 0.000000 -0.052499 -0.297525 0.013980
 34 0.803004 -0.000001 -0.000001 -0.163064 1.145489 -1.117549
 35 3.167419 -0.097637 -1.197365 1.832995 -0.038354 1.129404
 36 0.817884 0.000000 -0.000000 0.142196 1.147469 0.122418
 37 0.708995 -0.000000 -0.000000 -0.039911 -0.253101 0.086949
 38 0.794784 -0.000000 -0.000001 -1.042950 1.141227 -1.966856
 39 5.566999 5.667288 -3.006967 0.000000 0.000000 0.000000
 40 0.000000 0.000000 0.000000 -0.924011 0.228433 -0.661270
 41 8.403363 -0.000000 -0.000001 -0.000000 2.502601 0.000000
 42 8.136637 -0.000008 0.000003 2.949516 -0.674237 -1.473176
 43 1.369793 -0.361443 1.237272 -1.127491 0.097656 -0.579344
 44 1.320668 0.000002 -0.000001 -0.218662 -0.109509 0.185068
 45 1.066023 0.000000 0.000000 -0.025949 -0.111735 0.158666
 46 3.289558 0.311001 -0.505976 -1.569928 0.064069 -0.677339
 47 1.262953 -0.000000 -0.000001 -0.592079 1.417311 -0.637209
 48 0.919429 0.000002 -0.000000 0.132824 1.180916 0.124669
 49 3.167420 0.097638 -1.197364 -1.577201 0.079890 -0.593938
 50 0.817882 -0.000000 -0.000001 -0.164298 1.212571 -0.146163
 51 0.708995 0.000002 0.000000 0.062061 0.898421 -0.028374
 52 3.414728 0.449902 0.223654 -1.580784 0.013019 -0.654459
 53 1.390922 0.000002 -0.000001 0.005510 1.543565 0.018246
 54 0.906347 -0.000000 0.000001 -0.006062 0.824979 -0.045570
 55 2.457048 0.024849 0.014096 0.000073 -0.005736 0.010114
 56 3.525410 0.419243 0.945133 -1.577087 -0.024337 -0.182832
 57 1.209882 -0.000002 -0.000001 -0.003943 0.772947 0.018610
 58 0.743920 -0.000000 -0.000000 0.001656 0.844003 0.092843
 59 8.136639 -0.000000 -0.000002 1.570797 -0.032533 -0.000000
 60 1.153929 -10.671826 -3.793571 -0.722136 -1.178712 1.308862
 61 0.008386 -0.048311 -0.069476 -0.000000 -0.000000 -0.000000
time 6
  0 2.430573 -10.125449 -2.272191 -0.124205 -0.001522 -0.007136
  1 0.250197 -3.917489 -0.099874 0.000000 0.000000 0.000000
  2 0.337618 4.930951 0.877138 0.000000 0.000000 0.000000
  3 0.249743 5.375676 -0.431249 0.000000 0.000000 0.000000
  4 -2.477793 12.401385 4.136672 0.000000 0.000000 0.000000
  5 0.241868 9.046293 0.896507 0.000000 0.000000 0.000000
  6 0.000303 8.159075 -1.557892 0.000000 0.000000 0.000000
  7 0.246664 7.911746 -0.926848 0.000000 0.000000 0.000000
  8 -2.477793 12.401385 4.136672 0.000000 0.000000 0.000000
  9 -0.000000 0.000000 0.000000 0.000000 0.000000 0.000000
 10 0.000000 -15.653315 -6.600977 0.000000 0.000000 0.000000
 11 4.153981 1.738713 -6.143222 -0.180602 -0.039767 -0.222025
 12 -0.000000 -0.000000 0.000000 0.000000 0.000000 0.000000
 13 -2.636130 0.330815 -2.304476 0.000000 -1.226559 0.000000
 14 -0.000000 0.000000 -0.000000 1.320100 0.264908 -2.388808
 15 8.403362 -0.000000 -0.000002 -0.000000 1.511901 -0.000000
 16 8.136637 -0.000000 0.000000 -1.570796 -0.032553 -0.000000
 17 8.136636 0.000007 0.000006 -1.442199 -0.269359 -0.157110
 18 1.369795 0.361443 1.237272 1.175075 -0.347333 0.479992
 19 1.320667 -0.000000 -0.000000 0.201328 -0.139079 -0.045485
 20 1.066024 0.000000 -0.000000 -0.014471 -0.113783 0.196807
 21 1.039343 -0.000001 -0.000000 1.325745 0.991426 2.013611
 22 2.457049 -0.024849 0.014095 -0.000073 -0.005736 -0.010113
 23 3.525410 -0.419243 0.945132 1.648473 0.052800 0.007770
 24 1.209883 -0.000001 0.000000 0.003943 0.285298 -0.018611
 25 0.743917 0.000000 0.000000 -0.001656 1.148181 -0.092843
 26 0.794889 0.000000 0.000000 -0.000005 0.704556 -0.000608
 27 3.414728 -0.449902 0.223653 1.693617 0.046763 0.558369
 28 1.390921 -0.000000 0.000000 -0.004769 1.284870 -0.018048
 29 0.906346 0.000000 0.000001 0.006062 -0.433839 0.045570
 30 0.776324 0.000000 -0.000000 0.001079 0.866577 0.033798
 31 3.289557 -0.311001 -0.505976 1.762164 0.112217 0.757107
 32 1.262952 -0.000000 0.000000 0.410302 1.354679 0.453063
 33 0.919430 0.000000 0.000000 -0.052499 -0.297525 0.013980
 34 0.803003 -0.000001 -0.000001 -0.163064 1.145489 -1.117549
 35 3.167419 -0.097638 -1.197365 1.832995 -0.038354 1.129403
 36 0.817884 -0.000001 0.000000 0.142196 1.147469 0.122418
 37 0.708995 0.000000 0.000000 -0.039911 -0.253101 0.086949
 38 0.794784 -0.000000 -0.000000 -1.042950 1.141227 -1.966856
 39 5.566999 5.667288 -3.006967 0.000000 0.000000 0.000000
 40 0.000000 0.000000 0.000000 -0.959696 0.218537 -0.645390
 41 8.403364 0.000000 -0.000001 -0.000000 2.499973 -0.000000
 42 8.136637 -0.000008 0.000003 2.893187 -0.741702 -1.408598
 43 1.369793 -0.361443 1.237272 -1.127491 0.097656 -0.579344
 44 1.320668 0.000002 -0.000001 -0.218662 -0.109509 0.185068
 45 1.066023 -0.000000 0.000000 -0.025949 -0.111735 0.158666
 46 3.289559 0.311001 -0.505977 -1.569928 0.064069 -0.677339
 47 1.262953 0.000000 -0.000001 -0.592079 1.417311 -0.637209
 48 0.919429 0.000002 -0.000000 0.132824 1.180916 0.124669
 49 3.167420 0.097638 -1.197364 -1.577201 0.079890 -0.593938
 50 0.817882 -0.000000 -0.000001 -0.164298 1.212571 -0.146163
 51 0.708995 0.000002 -0.000000 0.062061 0.898421 -0.028374
 52 3.414729 0.449902 0.223654 -1.580784 0.013019 -0.654459
 53 1.390922 0.000002 -0.000000 0.005510 1.543565 0.018246
 54 0.906348 0.000000 0.000001 -0.006062 0.824979 -0.045570
 55 2.457049 0.024849 0.014095 0.000073 -0.005736 0.010114
 56 3.525410 0.419243 0.945132 -1.574584 -0.023144 -0.132550
 57 1.209882 -0.000002 -0.000001 -0.003943 0.651007 0.018610
 58 0.743920 0.000000 -0.000000 0.001656 0.696649 0.092843
 59 8.136639 -0.000000 -0.000002 1.570797 -0.032533 -0.000000
 60 1.132752 -10.911077 -4.208394 -0.692902 -1.220774 1.276312
 61 0.008386 -0.048311 -0.069476 -0.000000 0.000000 -0.000000
time 7
  0 2.385289 -10.553481 -2.762352 -0.067841 -0.003631 -0.015949
  1 0.250197 -3.917488 -0.099874 0.000000 0.000000 0.000000
  2 0.337618 4.930951 0.877139 0.000000 0.000000 0.000000
  3 0.249743 5.375677 -0.431249 0.000000 0.000000 0.000000
  4 -2.477793 12.401385 4.136672 0.000000 0.000000 0.000000
  5 0.241867 9.046294 0.896507 0.000000 0.000000 0.000000
  6 0.000303 8.159075 -1.557893 0.000000 0.000000 0.000000
  7 0.246663 7.868991 -0.926848 0.000000 0.000000 0.000000
  8 -2.477793 12.401385 4.136672 0.000000 0.000000 0.000000
  9 0.000000 -0.000000 0.000000 0.000000 0.000000 0.000000
 10 0.000000 -15.653315 -6.600977 0.000000 0.000000 0.000000
 11 4.222072 1.494268 -5.954735 -0.125060 -0.029756 -0.232623
 12 0.000000 0.000000 0.000000 0.000000 0.000000 0.000000
 13 -2.636130 0.330815 -2.304476 0.000000 -1.226559 0.000000
 14 -0.000000 0.000000 -0.000000 1.328206 0.273108 -2.400415
 15 8.403362 -0.000000 -0.000001 0.000000 1.446237 0.000000
 16 8.136638 -0.000000 -0.000000 -1.570796 -0.032553 0.000000
 17 8.136637 0.000008 0.000005 -1.433980 -0.244853 -0.162480
 18 1.369795 0.361443 1.237272 1.175075 -0.347333 0.479992
 19 1.320667 -0.000000 0.000000 0.201328 -0.139079 -0.045485
 20 1.066026 0.000000 -0.000000 -0.014471 -0.113783 0.196807
 21 1.039344 -0.000001 0.000000 1.325744 0.991426 2.013611
 22 2.457049 -0.024848 0.014095 -0.000072 -0.005736 -0.010113
 23 3.525410 -0.419243 0.945132 1.648473 0.052800 0.007770
 24 1.209883 -0.000000 0.000000 0.003943 0.285298 -0.018611
 25 0.743917 -0.000000 0.000000 -0.001656 1.148181 -0.092843
 26 0.794889 -0.000000 0.000000 -0.000005 0.704556 -0.000608
 27 3.414728 -0.449901 0.223652 1.693617 0.046763 0.558369
 28 1.390921 -0.000001 0.000000 -0.004769 1.284870 -0.018048
 29 0.906346 0.000000 0.000000 0.006062 -0.433839 0.045570
 30 0.776325 -0.000000 0.000000 0.001079 0.866577 0.033798
 31 3.289557 -0.311001 -0.505976 1.762164 0.112217 0.757107
 32 1.262953 -0.000000 -0.000000 0.410302 1.354679 0.453063
 33 0.919429 0.000000 0.000000 -0.052499 -0.297525 0.013980
 34 0.803004 -0.000000 -0.000001 -0.163064 1.145489 -1.117549
 35 3.167419 -0.097637 -1.197365 1.832995 -0.038354 1.129403
 36 0.817884 -0.000000 -0.000001 0.142196 1.147469 0.122418
 37 0.708995 0.000000 0.000000 -0.039911 -0.253101 0.086949
 38 0.794783 -0.000001 -0.000001 -1.042950 1.141227 -1.966856
 39 5.566999 5.667288 -3.006967 0.000000 0.000000 0.000000
 40 0.000000 0.000000 0.000000 -1.011336 0.204540 -0.625435
 41 8.403364 0.000000 -0.000001 0.000000 2.492119 0.000000
 42 8.136637 -0.000008 0.000003 2.796840 -0.828561 -1.300159
 43 1.369793 -0.361442 1.237272 -1.127491 0.097656 -0.579344
 44 1.320668 0.000002 -0.000001 -0.218662 -0.109509 0.185068
 45 1.066023 -0.000000 0.000000 -0.025949 -0.111735 0.158666
 46 3.289559 0.311001 -0.505976 -1.569928 0.064069 -0.677339
 47 1.262953 -0.000000 -0.000001 -0.592079 1.417311 -0.637209
 48 0.919429 0.000002 -0.000000 0.132824 1.180916 0.124669
 49 3.167420 0.097638 -1.197364 -1.577201 0.079890 -0.593938
 50 0.817882 0.000000 -0.000001 -0.164298 1.212571 -0.146163
 51 0.708995 0.000002 -0.000000 0.062061 0.898421 -0.028374
 52 3.414729 0.449902 0.223654 -1.580784 0.013019 -0.654459
 53 1.390922 0.000002 -0.000001 0.005510 1.543565 0.018246
 54 0.906348 0.000000 0.000001 -0.006062 0.824979 -0.045570
 55 2.457049 0.024849 0.014095 0.000073 -0.005736 0.010114
 56 3.525410 0.419243 0.945132 -1.572659 -0.022227 -0.093872
 57 1.209882 -0.000002 -0.000000 -0.003943 0.557207 0.018610
 58 0.743920 -0.000000 -0.000000 0.001656 0.583299 0.092843
 59 8.136639 -0.000000 -0.000002 1.570797 -0.032533 -0.000000
 60 1.086592 -11.217497 -4.742984 -0.645045 -1.275110 1.222242
 61 0.008386 -0.048311 -0.069476 -0.000000 0.000000 -0.000000
time 8
  0 2.303475 -10.981512 -3.252513 -0.011476 -0.006825 -0.028162
  1 0.250197 -3.917488 -0.099873 0.000000 0.000000 0.000000
  2 0.337618 4.930951 0.877139 0.000000 0.000000 0.000000
  3 0.249743 5.375676 -0.431249 0.000000 0.000000 0.000000
  4 -2.477793 12.401384 4.136672 0.000000 0.000000 0.000000
  5 0.241868 9.046293 0.896507 0.000000 0.000000 0.000000
  6 0.000303 8.159074 -1.557893 0.000000 0.000000 0.000000
  7 0.246664 7.851890 -0.926848 0.000000 0.000000 0.000000
  8 -2.477793 12.401384 4.136672 0.000000 0.000000 0.000000
  9 -0.000000 0.000000 -0.000000 0.000000 0.000000 0.000000
 10 0.000000 -15.653315 -6.600977 0.000000 0.000000 0.000000
 11 4.297293 1.203688 -5.754299 -0.069315 -0.020724 -0.245948
 12 -0.000000 0.000000 -0.000000 0.000000 0.000000 0.000000
 13 -2.636130 0.330815 -2.304476 0.000000 -1.226559 0.000000
 14 -0.000000 0.000000 -0.000000 1.339046 0.279217 -2.407772
 15 8.403362 -0.000000 -0.000001 0.000000 1.377368 0.000000
 16 8.136638 -0.000000 -0.000000 -1.570796 -0.032553 -0.000000
 17 8.136637 0.000008 0.000006 -1.423980 -0.220657 -0.166933
 18 1.369795 0.361443 1.237273 1.175074 -0.347333 0.479992
 19 1.320668 -0.000000 0.000001 0.201328 -0.139079 -0.045485
 20 1.066025 0.000000 0.000000 -0.014471 -0.113783 0.196807
 21 1.039344 -0.000001 0.000000 1.325744 0.991426 2.013611
 22 2.457049 -0.024848 0.014095 -0.000072 -0.005736 -0.010113
 23 3.525411 -0.419243 0.945132 1.648473 0.052800 0.007770
 24 1.209882 -0.000000 -0.000000 0.003943 0.285298 -0.018611
 25 0.743917 0.000000 0.000000 -0.001656 1.148181 -0.092843
 26 0.794889 -0.000000 -0.000000 -0.000005 0.704556 -0.000608
 27 3.414728 -0.449902 0.223652 1.693617 0.046763 0.558369
 28 1.390921 -0.000000 0.000001 -0.004769 1.284870 -0.018048
 29 0.906346 0.000000 -0.000000 0.006062 -0.433839 0.045570
 30 0.776325 -0.000000 -0.000001 0.001079 0.866577 0.033798
 31 3.289558 -0.311001 -0.505976 1.762164 0.112217 0.757107
 32 1.262953 -0.000000 -0.000001 0.410302 1.354679 0.453063
 33 0.919429 0.000000 0.000000 -0.052499 -0.297525 0.013980
 34 0.803003 -0.000000 -0.000001 -0.163064 1.145489 -1.117549
 35 3.167419 -0.097637 -1.197365 1.832995 -0.038354 1.129403
 36 0.817884 -0.000000 -0.000000 0.142196 1.147469 0.122418
 37 0.708994 0.000000 0.000000 -0.039911 -0.253101 0.086949
 38 0.794784 -0.000001 -0.000000 -1.042950 1.141227 -1.966856
 39 5.566999 5.667288 -3.006967 0.000000 0.000000 0.000000
 40 0.000000 0.000000 0.000000 -1.067797 0.189168 -0.606458
 41 8.403363 -0.000000 -0.000001 -0.000000 2.479193 -0.000000
 42 8.136636 -0.000008 0.000002 2.664842 -0.908734 -1.153963
 43 1.369793 -0.361443 1.237272 -1.127491 0.097656 -0.579344
 44 1.320668 0.000001 -0.000001 -0.218662 -0.109509 0.185068
 45 1.066023 -0.000000 0.000000 -0.025949 -0.111735 0.158666
 46 3.289558 0.311001 -0.505976 -1.569928 0.064069 -0.677339
 47 1.262953 -0.000000 -0.000001 -0.592079 1.417310 -0.637208
 48 0.919429 0.000002 -0.000000 0.132824 1.180916 0.124669
 49 3.167420 0.097638 -1.197364 -1.577201 0.079890 -0.593938
 50 0.817882 -0.000000 -0.000001 -0.164298 1.212571 -0.146163
 51 0.708995 0.000002 -0.000000 0.062061 0.898421 -0.028374
 52 3.414728 0.449902 0.223654 -1.580784 0.013019 -0.654459
 53 1.390922 0.000002 -0.000001 0.005510 1.543565 0.018246
 54 0.906348 -0.000000 0.000001 -0.006062 0.824979 -0.045570
 55 2.457048 0.024849 0.014096 0.000073 -0.005736 0.010114
 56 3.525410 0.419243 0.945133 -1.571888 -0.021860 -0.078400
 57 1.209882 -0.000002 -0.000001 -0.003943 0.519687 0.018610
 58 0.743920 -0.000000 -0.000000 0.001656 0.537959 0.092843
 59 8.136638 -0.000000 -0.000003 1.570797 -0.032533 -0.000000
 60 1.006500 -11.517447 -5.272678 -0.580826 -1.328954 1.148387
 61 0.008386 -0.048311 -0.069475 -0.000000 -0.000000 -0.000000
time 9
  0 2.174504 -11.310767 -3.629561 0.031881 -0.011240 -0.043703
  1 0.250197 -3.917487 -0.099873 0.000000 0.000000 0.000000
  2 0.337618 4.930951 0.877139 0.000000 0.000000 0.000000
  3 0.249743 5.375677 -0.431249 0.000000 0.000000 0.000000
  4 -2.477793 12.401385 4.136672 0.000000 0.000000 0.000000
  5 0.241868 9.046294 0.896507 0.000000 0.000000 0.000000
  6 0.000303 8.159075 -1.557892 0.000000 0.000000 0.000000
  7 0.246663 7.851890 -0.926848 0.000000 0.000000 0.000000
  8 -2.477793 12.401385 4.136672 0.000000 0.000000 0.000000
  9 -0.000000 -0.000000 -0.000000 0.000000 0.000000 0.000000
 10 0.000000 -15.653315 -6.600977 0.000000 0.000000 0.000000
 11 4.366738 0.939086 -5.591336 -0.026024 -0.015657 -0.261885
 12 0.000000 -0.000000 0.000000 0.000000 0.000000 0.000000
 13 -2.636130 0.330815 -2.304476 0.000000 -1.226559 0.000000
 14 -0.000000 0.000000 -0.000000 1.350352 0.280190 -2.412644
 15 8.403363 -0.000000 -0.000001 0.000000 1.324743 0.000000
 16 8.136638 -0.000001 -0.000000 -1.570796 -0.032553 -0.000000
 17 8.136637 0.000007 0.000005 -1.413982 -0.202602 -0.168179
 18 1.369794 0.361443 1.237272 1.175074 -0.347333 0.479992
 19 1.320667 -0.000001 -0.000000 0.201328 -0.139079 -0.045485
 20 1.066025 0.000000 -0.000000 -0.014471 -0.113783 0.196807
 21 1.039344 -0.000002 -0.000000 1.325745 0.991426 2.013612
 22 2.457048 -0.024848 0.014094 -0.000072 -0.005736 -0.010113
 23 3.525409 -0.419243 0.945131 1.648473 0.052800 0.007770
 24 1.209883 0.000000 0.000000 0.003943 0.285298 -0.018611
 25 0.743916 -0.000000 0.000000 -0.001656 1.148181 -0.092843
 26 0.794889 -0.000000 -0.000000 -0.000005 0.704556 -0.000608
 27 3.414727 -0.449902 0.223652 1.693617 0.046763 0.558369
 28 1.390921 -0.000000 0.000000 -0.004769 1.284870 -0.018048
 29 0.906345 0.000000 -0.000000 0.006062 -0.433839 0.045570
 30 0.776325 0.000000 0.000000 0.001079 0.866577 0.033798
 31 3.289557 -0.311001 -0.505976 1.762164 0.112217 0.757107
 32 1.262953 -0.000000 -0.000000 0.410301 1.354679 0.453063
 33 0.919429 0.000000 -0.000000 -0.052499 -0.297525 0.013980
 34 0.803004 -0.000001 -0.000000 -0.163064 1.145489 -1.117549
 35 3.167419 -0.097637 -1.197365 1.832995 -0.038354 1.129403
 36 0.817884 -0.000000 -0.000000 0.142196 1.147469 0.122418
 37 0.708995 -0.000000 0.000000 -0.039911 -0.253101 0.086949
 38 0.794784 -0.000000 -0.000001 -1.042950 1.141227 -1.966856
 39 5.566999 5.667288 -3.006967 0.000000 0.000000 0.000000
 40 0.000000 0.000000 0.000000 -1.114466 0.176989 -0.592976
 41 8.403363 -0.000000 -0.000002 -0.000000 2.461545 -0.000000
 42 8.136637 -0.000008 0.000003 2.524175 -0.956931 -0.999071
 43 1.369793 -0.361442 1.237272 -1.127491 0.097656 -0.579344
 44 1.320668 0.000002 -0.000001 -0.218662 -0.109509 0.185068
 45 1.066023 -0.000000 0.000000 -0.025949 -0.111735 0.158666
 46 3.289559 0.311001 -0.505976 -1.569928 0.064069 -0.677339
 47 1.262953 -0.000000 -0.000001 -0.592079 1.417311 -0.637209
 48 0.919429 0.000002 -0.000001 0.132824 1.180916 0.124669
 49 3.167420 0.097638 -1.197363 -1.577201 0.079890 -0.593938
 50 0.817882 0.000000 -0.000001 -0.164298 1.212571 -0.146163
 51 0.708995 0.000002 -0.000000 0.062061 0.898421 -0.028374
 52 3.414728 0.449902 0.223654 -1.580784 0.013019 -0.654459
 53 1.390922 0.000002 -0.000001 0.005510 1.543565 0.018246
 54 0.906347 -0.000000 0.000001 -0.006062 0.824979 -0.045570
 55 2.457049 0.024849 0.014095 0.000073 -0.005736 0.010114
 56 3.525410 0.419243 0.945132 -1.571888 -0.021860 -0.078400
 57 1.209882 -0.000002 -0.000000 -0.003943 0.519687 0.018610
 58 0.743920 -0.000000 0.000000 0.001656 0.537959 0.092843
 59 8.136639 -0.000000 -0.000002 1.570797 -0.032533 -0.000000
 60 0.882371 -11.739249 -5.678276 -0.517694 -1.370295 1.071630
 61 0.008386 -0.048311 -0.069476 -0.000000 -0.000000 -0.000000
time 10
  0 1.987751 -11.442469 -3.780380 0.049224 -0.017016 -0.062500
  1 0.250197 -3.917488 -0.099873 0.000000 0.000000 0.000000
  2 0.337618 4.930951 0.877138 0.000000 0.000000 0.000000
  3 0.249743 5.375676 -0.431249 0.000000 0.000000 0.000000
  4 -2.477793 12.401384 4.136672 0.000000 0.000000 0.000000
  5 0.241868 9.046293 0.896507 0.000000 0.000000 0.000000
  6 0.000303 8.159075 -1.557892 0.000000 0.000000 0.000000
  7 0.246664 7.851890 -0.926848 0.000000 0.000000 0.000000
  8 -2.477793 12.401384 4.136672 0.000000 0.000000 0.000000
  9 -0.000000 -0.000000 -0.000000 0.000000 0.000000 0.000000
 10 0.000000 -15.653315 -6.600977 0.000000 0.000000 0.000000
 11 4.419522 0.795960 -5.518401 -0.007841 -0.017542 -0.280739
 12 -0.000000 0.000000 0.000000 0.000000 0.000000 0.000000
 13 -2.636130 0.330815 -2.304476 0.000000 -1.226559 0.000000
 14 -0.000000 0.000000 -0.000000 1.359258 0.272881 -2.420829
 15 8.403362 -0.000000 -0.000001 0.000000 1.312141 0.000000
 16 8.136638 -0.000000 -0.000000 -1.570796 -0.032553 0.000000
 17 8.136637 0.000008 0.000005 -1.406310 -0.197427 -0.163937
 18 1.369794 0.361444 1.237272 1.175075 -0.347333 0.479992
 19 1.320668 -0.000001 0.000001 0.201328 -0.139079 -0.045485
 20 1.066025 0.000000 -0.000000 -0.014471 -0.113783 0.196807
 21 1.039344 -0.000002 0.000001 1.325744 0.991426 2.013611
 22 2.457049 -0.024849 0.014094 -0.000072 -0.005736 -0.010113
 23 3.525410 -0.419243 0.945132 1.648473 0.052800 0.007770
 24 1.209882 -0.000001 -0.000000 0.003943 0.285298 -0.018611
 25 0.743918 0.000000 0.000000 -0.001656 1.148181 -0.092843
 26 0.794889 0.000001 0.000000 -0.000005 0.704556 -0.000608
 27 3.414728 -0.449902 0.223652 1.693617 0.046763 0.558369
 28 1.390921 -0.000001 -0.000000 -0.004769 1.284870 -0.018048
 29 0.906346 0.000000 0.000000 0.006062 -0.433839 0.045570
 30 0.776325 -0.000000 -0.000000 0.001079 0.866577 0.033798
 31 3.289557 -0.311001 -0.505976 1.762164 0.112217 0.757107
 32 1.262953 -0.000000 0.000000 0.410302 1.354679 0.453063
 33 0.919429 0.000000 -0.000000 -0.052499 -0.297525 0.013980
 34 0.803004 -0.000001 -0.000001 -0.163064 1.145489 -1.117549
 35 3.167419 -0.097637 -1.197365 1.832995 -0.038354 1.129403
 36 0.817884 0.000000 0.000000 0.142196 1.147469 0.122418
 37 0.708995 0.000001 -0.000000 -0.039911 -0.253101 0.086949
 38 0.794784 -0.000001 -0.000001 -1.042950 1.141227 -1.966856
 39 5.566999 5.667288 -3.006967 0.000000 0.000000 0.000000
 40 0.000000 0.000000 0.000000 -1.136257 0.171381 -0.583472
 41 8.403364 0.000000 -0.000001 0.000000 2.451101 0.000000
 42 8.136637 -0.000008 0.000002 2.438733 -0.962398 -0.899513
 43 1.369793 -0.361443 1.237273 -1.127491 0.097656 -0.579344
 44 1.320668 0.000002 -0.000001 -0.218662 -0.109509 0.185068
 45 1.066023 -0.000000 0.000000 -0.025949 -0.111735 0.158666
 46 3.289558 0.311001 -0.505976 -1.569928 0.064069 -0.677339
 47 1.262953 -0.000000 -0.000001 -0.592079 1.417310 -0.637208
 48 0.919429 0.000002 -0.000000 0.132824 1.180916 0.124669
 49 3.167420 0.097638 -1.197364 -1.577201 0.079890 -0.593938
 50 0.817882 0.000000 -0.000001 -0.164298 1.212571 -0.146163
 51 0.708995 0.000002 0.000000 0.062061 0.898421 -0.028374
 52 3.414728 0.449902 0.223654 -1.580784 0.013019 -0.654459
 53 1.390922 0.000002 -0.000000 0.005510 1.543565 0.018246
 54 0.906348 0.000000 0.000000 -0.006062 0.824979 -0.045570
 55 2.457049 0.024849 0.014096 0.000073 -0.005736 0.010114
 56 3.525410 0.419243 0.945133 -1.571888 -0.021860 -0.078400
 57 1.209882 -0.000002 -0.000000 -0.003943 0.519687 0.018610
 58 0.743920 0.000000 -0.000000 0.001656 0.537959 0.092843
 59 8.136639 -0.000000 -0.000002 1.570797 -0.032533 -0.000000
 60 0.701971 -11.812055 -5.844503 -0.504251 -1.388393 1.039879
 61 0.008385 -0.048312 -0.069476 -0.000000 -0.000000 -0.000000
time 11
  0 1.603786 -11.410475 -3.687193 0.046374 -0.054602 -0.096018
  1 0.250197 -3.917488 -0.099874 0.000000 0.000000 0.000000
  2 0.337618 4.930951 0.877138 0.000000 0.000000 0.000000
  3 0.249743 5.375677 -0.431249 0.000000 0.000000 0.000000
  4 -2.477793 12.401384 4.136672 0.000000 0.000000 0.000000
  5 0.241868 9.046293 0.896507 0.000000 0.000000 0.000000
  6 0.000303 8.159074 -1.557892 0.000000 0.000000 0.000000
  7 0.246664 7.851890 -0.926848 0.000000 0.000000 0.000000
  8 -2.477793 12.401384 4.136672 0.000000 0.000000 0.000000
  9 0.000000 -0.000000 0.000000 0.000000 0.000000 0.000000
 10 0.000000 -15.653315 -6.600977 0.000000 0.000000 0.000000
 11 4.509592 0.728193 -5.396689 -0.002475 -0.054852 -0.314554
 12 0.000000 -0.000000 -0.000000 0.000000 0.000000 0.000000
 13 -2.636130 0.330815 -2.304476 0.000000 -1.226559 0.000000
 14 -0.000000 0.000000 -0.000000 1.369698 0.252990 -2.437058
 15 8.403363 -0.000000 -0.000001 -0.000000 1.341228 -0.000000
 16 8.136639 -0.000000 -0.000000 -1.570796 -0.032553 -0.000000
 17 8.136638 0.000007 0.000005 -1.377226 -0.194350 -0.140731
 18 1.369795 0.361443 1.237272 1.175074 -0.347333 0.479992
 19 1.320668 -0.000001 0.000001 0.201328 -0.139079 -0.045485
 20 1.066024 0.000000 -0.000000 -0.014471 -0.113783 0.196807
 21 1.039344 -0.000001 0.000000 1.325744 0.991426 2.013611
 22 2.457049 -0.024848 0.014094 -0.000072 -0.005736 -0.010113
 23 3.525410 -0.419243 0.945132 1.648473 0.052800 0.007770
 24 1.209884 -0.000000 0.000001 0.003943 0.285298 -0.018611
 25 0.743917 0.000000 0.000000 -0.001656 1.148181 -0.092843
 26 0.794890 -0.000000 -0.000001 -0.000005 0.704556 -0.000608
 27 3.414728 -0.449902 0.223652 1.693617 0.046763 0.558369
 28 1.390921 -0.000001 -0.000000 -0.004769 1.284870 -0.018048
 29 0.906346 0.000000 0.000000 0.006062 -0.433839 0.045570
 30 0.776325 -0.000000 -0.000000 0.001079 0.866577 0.033798
 31 3.289557 -0.311001 -0.505976 1.762164 0.112217 0.757107
 32 1.262953 -0.000000 0.000000 0.410302 1.354679 0.453063
 33 0.919429 0.000000 -0.000000 -0.052499 -0.297525 0.013980
 34 0.803003 -0.000001 -0.000001 -0.163064 1.145489 -1.117549
 35 3.167419 -0.097637 -1.197365 1.832995 -0.038354 1.129404
 36 0.817884 -0.000001 -0.000001 0.142196 1.147469 0.122418
 37 0.708995 -0.000000 -0.000000 -0.039911 -0.253101 0.086949
 38 0.794783 -0.000001 -0.000001 -1.042950 1.141227 -1.966856
 39 5.566999 5.667288 -3.006967 0.000000 0.000000 0.000000
 40 0.000000 0.000000 0.000000 -1.158218 0.163075 -0.566095
 41 8.403364 -0.000000 -0.000001 -0.000000 2.452651 0.000000
 42 8.136637 -0.000008 0.000003 2.389566 -0.947404 -0.796856
 43 1.369793 -0.361443 1.237272 -1.127491 0.097656 -0.579344
 44 1.320668 0.000002 -0.000000 -0.218662 -0.109509 0.185068
 45 1.066023 -0.000000 0.000000 -0.025949 -0.111735 0.158666
 46 3.289559 0.311001 -0.505976 -1.569928 0.064069 -0.677339
 47 1.262953 -0.000000 -0.000001 -0.592079 1.417311 -0.637209
 48 0.919429 0.000002 -0.000000 0.132824 1.180916 0.124669
 49 3.167420 0.097638 -1.197364 -1.577201 0.079890 -0.593938
 50 0.817882 -0.000000 -0.000001 -0.164298 1.212571 -0.146163
 51 0.708995 0.000002 0.000000 0.062061 0.898421 -0.028374
 52 3.414729 0.449902 0.223654 -1.580784 0.013019 -0.654459
 53 1.390922 0.000002 -0.000000 0.005510 1.543565 0.018246
 54 0.906347 0.000000 0.000001 -0.006062 0.824979 -0.045570
 55 2.457049 0.024849 0.014095 0.000073 -0.005736 0.010114
 56 3.525410 0.419243 0.945132 -1.571888 -0.021860 -0.078400
 57 1.209882 -0.000002 -0.000000 -0.003943 0.519687 0.018610
 58 0.743920 -0.000000 0.000000 0.001656 0.537959 0.092843
 59 8.136639 0.000000 -0.000002 1.570797 -0.032533 -0.000000
 60 0.383806 -11.750070 -5.795927 -0.709683 -1.399291 1.208508
 61 0.008386 -0.048311 -0.069476 0.000000 -0.000000 -0.000000
time 12
  0 0.946886 -11.324732 -3.437452 0.029636 -0.130721 -0.142850
  1 0.250197 -3.917488 -0.099873 0.000000 0.000000 0.000000
  2 0.337618 4.930951 0.877138 0.000000 0.000000 0.000000
  3 0.249743 5.375677 -0.431249 0.000000 0.000000 0.000000
  4 -2.477793 12.401384 4.136672 0.000000 0.000000 0.000000
  5 0.241868 9.046293 0.896507 0.000000 0.000000 0.000000
  6 0.000303 8.159074 -1.557892 0.000000 0.000000 0.000000
  7 0.246664 7.851890 -0.926848 0.000000 0.000000 0.000000
  8 -2.477793 12.401384 4.136672 0.000000 0.000000 0.000000
  9 -0.000000 -0.000000 -0.000000 0.000000 0.000000 0.000000
 10 0.000000 -15.653315 -6.600977 0.000000 0.000000 0.000000
 11 4.563612 0.611408 -5.215425 -0.002185 -0.132773 -0.362962
 12 0.000000 0.000000 0.000000 0.000000 0.000000 0.000000
 13 -2.636130 0.330815 -2.304476 0.000000 -1.226559 0.000000
 14 -0.000000 0.000000 -0.000000 1.389859 0.218850 -2.455361
 15 8.403363 -0.000000 -0.000001 -0.000000 1.387336 -0.000000
 16 8.136638 -0.000000 0.000000 -1.570796 -0.032553 -0.000000
 17 8.136637 0.000007 0.000005 -1.320394 -0.177662 -0.101930
 18 1.369795 0.361444 1.237272 1.175075 -0.347333 0.479992
 19 1.320668 -0.000001 -0.000000 0.201328 -0.139079 -0.045485
 20 1.066025 0.000000 0.000000 -0.014471 -0.113783 0.196807
 21 1.039344 -0.000002 0.000000 1.325744 0.991426 2.013611
 22 2.457049 -0.024848 0.014095 -0.000072 -0.005736 -0.010113
 23 3.525410 -0.419243 0.945132 1.648473 0.052800 0.007770
 24 1.209883 -0.000000 -0.000000 0.003943 0.285298 -0.018611
 25 0.743917 0.000000 -0.000000 -0.001656 1.148181 -0.092843
 26 0.794889 -0.000000 0.000001 -0.000005 0.704556 -0.000608
 27 3.414728 -0.449901 0.223652 1.693617 0.046763 0.558369
 28 1.390921 -0.000000 0.000001 -0.004769 1.284870 -0.018048
 29 0.906346 0.000000 0.000000 0.006062 -0.433838 0.045570
 30 0.776325 0.000000 0.000000 0.001079 0.866577 0.033798
 31 3.289557 -0.311000 -0.505976 1.762164 0.112217 0.757107
 32 1.262953 -0.000000 -0.000000 0.410302 1.354679 0.453063
 33 0.919428 0.000001 0.000000 -0.052499 -0.297525 0.013980
 34 0.803003 -0.000000 -0.000000 -0.163064 1.145489 -1.117549
 35 3.167419 -0.097637 -1.197365 1.832995 -0.038354 1.129403
 36 0.817884 -0.000000 -0.000000 0.142196 1.147469 0.122418
 37 0.708995 0.000000 0.000000 -0.039911 -0.253101 0.086949
 38 0.794783 -0.000000 -0.000001 -1.042950 1.141227 -1.966856
 39 5.566999 5.667288 -3.006967 0.000000 0.000000 0.000000
 40 0.000000 0.000000 0.000000 -1.193574 0.150488 -0.557661
 41 8.403363 0.000000 -0.000001 -0.000000 2.450006 -0.000000
 42 8.136637 -0.000008 0.000003 2.362027 -0.925080 -0.674578
 43 1.369793 -0.361443 1.237272 -1.127491 0.097656 -0.579344
 44 1.320668 0.000002 -0.000001 -0.218662 -0.109509 0.185068
 45 1.066023 -0.000000 -0.000000 -0.025949 -0.111735 0.158666
 46 3.289559 0.311001 -0.505976 -1.569928 0.064069 -0.677339
 47 1.262953 -0.000000 -0.000001 -0.592079 1.417311 -0.637209
 48 0.919429 0.000002 -0.000000 0.132824 1.180916 0.124669
 49 3.167420 0.097637 -1.197363 -1.577201 0.079890 -0.593938
 50 0.817882 -0.000000 -0.000001 -0.164298 1.212571 -0.146163
 51 0.708995 0.000002 0.000000 0.062061 0.898421 -0.028374
 52 3.414728 0.449902 0.223654 -1.580784 0.013019 -0.654459
 53 1.390922 0.000002 -0.000001 0.005510 1.543565 0.018246
 54 0.906347 -0.000000 0.000001 -0.006062 0.824979 -0.045570
 55 2.457049 0.024849 0.014095 0.000073 -0.005736 0.010114
 56 3.525410 0.419243 0.945133 -1.571888 -0.021860 -0.078400
 57 1.209882 -0.000002 -0.000001 -0.003943 0.519688 0.018610
 58 0.743920 -0.000000 -0.000000 0.001656 0.537959 0.092843
 59 8.136639 0.000000 -0.000002 1.570797 -0.032533 -0.000000
 60 -0.131414 -11.663765 -5.622116 -1.147186 -1.386264 1.590938
 61 0.008386 -0.048311 -0.069476 0.000000 -0.000000 -0.000000
time 13
  0 0.101991 -11.200596 -3.075886 -0.013277 -0.209924 -0.183613
  1 0.250197 -3.917487 -0.099874 0.000000 0.000000 0.000000
  2 0.337618 4.930951 0.877138 0.000000 0.000000 0.000000
  3 0.249743 5.375676 -0.431249 0.000000 0.000000 0.000000
  4 -2.477793 12.401384 4.136672 0.000000 0.000000 0.000000
  5 0.241868 9.046293 0.896507 0.000000 0.000000 0.000000
  6 0.000303 8.159074 -1.557892 0.000000 0.000000 0.000000
  7 0.246664 7.851890 -0.926848 0.000000 0.000000 0.000000
  8 -2.477793 12.401384 4.136672 0.000000 0.000000 0.000000
  9 -0.000000 0.000000 0.000000 0.000000 0.000000 0.000000
 10 0.000000 -15.653315 -6.600977 0.000000 0.000000 0.000000
 11 4.424834 0.437728 -5.214994 -0.026412 -0.219330 -0.406759
 12 -0.000000 0.000000 -0.000000 0.000000 0.000000 0.000000
 13 -2.636130 0.330815 -2.304476 0.000000 -1.226559 0.000000
 14 -0.000000 0.000000 -0.000000 1.423989 0.170905 -2.466758
 15 8.403363 -0.000000 -0.000001 0.000000 1.434281 0.000000
 16 8.136638 -0.000000 -0.000001 -1.570796 -0.032553 0.000000
 17 8.136637 0.000008 0.000005 -1.262996 -0.146145 -0.070692
 18 1.369794 0.361443 1.237272 1.175075 -0.347333 0.479992
 19 1.320668 -0.000000 -0.000001 0.201328 -0.139079 -0.045485
 20 1.066025 0.000000 0.000000 -0.014471 -0.113783 0.196807
 21 1.039344 -0.000001 -0.000000 1.325745 0.991426 2.013611
 22 2.457048 -0.024849 0.014095 -0.000072 -0.005736 -0.010113
 23 3.525409 -0.419243 0.945132 1.648473 0.052800 0.007770
 24 1.209884 -0.000000 0.000000 0.003943 0.285298 -0.018611
 25 0.743918 0.000001 -0.000000 -0.001656 1.148181 -0.092843
 26 0.794889 0.000000 -0.000000 -0.000005 0.704556 -0.000608
 27 3.414727 -0.449902 0.223652 1.693617 0.046763 0.558369
 28 1.390921 -0.000000 0.000000 -0.004769 1.284870 -0.018048
 29 0.906346 -0.000000 -0.000000 0.006062 -0.433839 0.045570
 30 0.776325 -0.000000 -0.000001 0.001079 0.866577 0.033798
 31 3.289557 -0.311001 -0.505976 1.762164 0.112217 0.757107
 32 1.262953 -0.000000 -0.000000 0.410302 1.354679 0.453063
 33 0.919430 -0.000000 0.000000 -0.052499 -0.297525 0.013980
 34 0.803003 -0.000001 -0.000001 -0.163064 1.145489 -1.117549
 35 3.167419 -0.097637 -1.197365 1.832995 -0.038354 1.129403
 36 0.817884 -0.000000 0.000000 0.142196 1.147469 0.122418
 37 0.708995 -0.000000 -0.000000 -0.039911 -0.253101 0.086949
 38 0.794783 -0.000000 -0.000000 -1.042950 1.141227 -1.966856
 39 5.566999 5.667288 -3.006967 0.000000 0.000000 0.000000
 40 0.000000 0.000000 0.000000 -1.207774 0.149218 -0.588072
 41 8.403363 0.000000 -0.000001 0.000000 2.426970 0.000000
 42 8.136637 -0.000008 0.000003 2.417984 -0.887734 -0.644551
 43 1.369793 -0.361443 1.237272 -1.127491 0.097656 -0.579344
 44 1.320668 0.000002 -0.000001 -0.218662 -0.109509 0.185068
 45 1.066023 -0.000000 0.000000 -0.025949 -0.111735 0.158666
 46 3.289559 0.311001 -0.505976 -1.569928 0.064069 -0.677339
 47 1.262953 -0.000000 -0.000001 -0.592079 1.417311 -0.637209
 48 0.919429 0.000002 -0.000000 0.132824 1.180916 0.124669
 49 3.167420 0.097637 -1.197363 -1.577201 0.079890 -0.593938
 50 0.817882 0.000000 -0.000001 -0.164298 1.212571 -0.146163
 51 0.708995 0.000002 0.000000 0.062061 0.898421 -0.028374
 52 3.414728 0.449902 0.223654 -1.580784 0.013019 -0.654459
 53 1.390922 0.000002 -0.000001 0.005510 1.543565 0.018246
 54 0.906347 -0.000000 0.000001 -0.006062 0.824979 -0.045570
 55 2.457049 0.024849 0.014096 0.000073 -0.005736 0.010114
 56 3.525410 0.419243 0.945133 -1.571888 -0.021860 -0.078400
 57 1.209882 -0.000002 -0.000000 -0.003943 0.519687 0.018610
 58 0.743920 -0.000000 -0.000000 0.001656 0.537959 0.092843
 59 8.136639 0.000000 -0.000002 1.570797 -0.032533 -0.000000
 60 -0.836669 -11.611990 -5.311977 -1.440790 -1.321585 1.829863
 61 0.008386 -0.048312 -0.069476 -0.000000 -0.000000 -0.000000
time 14
  0 -0.845959 -11.053424 -2.647226 -0.093115 -0.289452 -0.213707
  1 0.250197 -3.917488 -0.099873 0.000000 0.000000 0.000000
  2 0.337618 4.930951 0.877139 0.000000 0.000000 0.000000
  3 0.249743 5.375677 -0.431249 0.000000 0.000000 0.000000
  4 -2.477793 12.401385 4.136672 0.000000 0.000000 0.000000
  5 0.241867 9.046293 0.896507 0.000000 0.000000 0.000000
  6 0.000303 8.159075 -1.557892 0.000000 0.000000 0.000000
  7 0.246663 7.851890 -0.926848 0.000000 0.000000 0.000000
  8 -2.477793 12.401385 4.136672 0.000000 0.000000 0.000000
  9 0.000000 0.000000 -0.000000 0.000000 0.000000 0.000000
 10 0.000000 -15.653315 -6.600977 0.000000 0.000000 0.000000
 11 4.203351 0.120721 -5.537955 -0.086189 -0.314113 -0.440829
 12 0.000000 0.000000 0.000000 0.000000 0.000000 0.000000
 13 -2.636130 0.330815 -2.304476 0.000000 -1.226559 0.000000
 14 -0.000000 0.000000 -0.000000 1.470806 0.113609 -2.465677
 15 8.403362 -0.000000 -0.000001 -0.000000 1.466568 -0.000000
 16 8.136638 -0.000000 -0.000001 -1.570796 -0.032553 -0.000000
 17 8.136637 0.000008 0.000005 -1.214111 -0.087425 -0.039916
 18 1.369794 0.361444 1.237272 1.175075 -0.347333 0.479992
 19 1.320667 -0.000000 0.000000 0.201328 -0.139079 -0.045485
 20 1.066025 0.000000 -0.000000 -0.014471 -0.113783 0.196807
 21 1.039343 -0.000002 0.000000 1.325745 0.991426 2.013611
 22 2.457049 -0.024848 0.014095 -0.000072 -0.005736 -0.010113
 23 3.525410 -0.419243 0.945132 1.648473 0.052800 0.007770
 24 1.209883 -0.000000 0.000000 0.003943 0.285298 -0.018611
 25 0.743917 0.000001 0.000000 -0.001656 1.148181 -0.092843
 26 0.794889 0.000000 0.000000 -0.000005 0.704556 -0.000608
 27 3.414727 -0.449901 0.223652 1.693617 0.046763 0.558369
 28 1.390921 -0.000000 0.000001 -0.004769 1.284870 -0.018048
 29 0.906345 0.000001 0.000000 0.006062 -0.433838 0.045570
 30 0.776324 0.000000 -0.000000 0.001079 0.866577 0.033798
 31 3.289557 -0.311001 -0.505976 1.762164 0.112217 0.757107
 32 1.262953 -0.000000 -0.000000 0.410302 1.354679 0.453063
 33 0.919429 -0.000000 0.000000 -0.052499 -0.297525 0.013980
 34 0.803003 -0.000000 -0.000001 -0.163064 1.145489 -1.117549
 35 3.167419 -0.097637 -1.197365 1.832995 -0.038354 1.129404
 36 0.817884 0.000000 0.000000 0.142196 1.147469 0.122418
 37 0.708995 0.000001 0.000000 -0.039911 -0.253101 0.086949
 38 0.794783 -0.000000 -0.000001 -1.042950 1.141227 -1.966856
 39 5.566999 5.667288 -3.006967 0.000000 0.000000 0.000000
 40 0.000000 0.000000 0.000000 -1.187372 0.168464 -0.634994
 41 8.403363 -0.000000 -0.000002 0.000000 2.367263 -0.000000
 42 8.136636 -0.000008 0.000003 2.541218 -0.793384 -0.689304
 43 1.369793 -0.361442 1.237273 -1.127491 0.097656 -0.579344
 44 1.320668 0.000002 -0.000001 -0.218662 -0.109509 0.185068
 45 1.066023 0.000000 -0.000000 -0.025948 -0.111735 0.158666
 46 3.289558 0.311001 -0.505976 -1.569928 0.064069 -0.677339
 47 1.262953 -0.000000 -0.000001 -0.592079 1.417311 -0.637209
 48 0.919429 0.000002 -0.000000 0.132824 1.180916 0.124669
 49 3.167420 0.097638 -1.197363 -1.577201 0.079890 -0.593938
 50 0.817882 0.000000 -0.000001 -0.164298 1.212571 -0.146164
 51 0.708995 0.000002 0.000000 0.062061 0.898421 -0.028374
 52 3.414728 0.449902 0.223654 -1.580784 0.013019 -0.654459
 53 1.390922 0.000002 -0.000001 0.005510 1.543565 0.018246
 54 0.906347 -0.000000 0.000001 -0.006062 0.824979 -0.045570
 55 2.457049 0.024849 0.014096 0.000073 -0.005736 0.010114
 56 3.525410 0.419243 0.945132 -1.571888 -0.021860 -0.078400
 57 1.209882 -0.000002 -0.000000 -0.003943 0.519687 0.018610
 58 0.743920 -0.000000 -0.000000 0.001656 0.537959 0.092843
 59 8.136638 0.000000 -0.000002 1.570797 -0.032533 -0.000000
 60 -1.668562 -11.626356 -4.893446 -1.555029 -1.215821 1.889244
 61 0.008386 -0.048311 -0.069476 0.000000 -0.000000 -0.000000
time 15
  0 -1.812025 -10.898574 -2.196201 -0.200066 -0.382011 -0.241785
  1 0.250197 -3.917488 -0.099873 0.000000 0.000000 0.000000
  2 0.337618 4.930951 0.877138 0.000000 0.000000 0.000000
  3 0.249743 5.375677 -0.431249 0.000000 0.000000 0.000000
  4 -2.477793 12.401385 4.136672 0.000000 0.000000 0.000000
  5 0.241867 9.046294 0.896506 0.000000 0.000000 0.000000
  6 0.000303 8.159075 -1.557893 0.000000 0.000000 0.000000
  7 0.246663 7.851890 -0.926848 0.000000 0.000000 0.000000
  8 -2.477793 12.401385 4.136672 0.000000 0.000000 0.000000
  9 0.000000 0.000000 -0.000000 0.000000 0.000000 0.000000
 10 0.000000 -15.653315 -6.600977 0.000000 0.000000 0.000000
 11 4.147866 -0.473922 -6.006672 -0.169082 -0.427219 -0.474121
 12 -0.000000 0.000000 -0.000000 0.000000 0.000000 0.000000
 13 -2.636130 0.330815 -2.304476 0.000000 -1.226559 0.000000
 14 -0.000000 0.000000 -0.000000 1.523205 0.053640 -2.453032
 15 8.403362 -0.000000 -0.000001 -0.000000 1.479557 -0.000000
 16 8.136638 -0.000000 -0.000001 -1.570796 -0.032553 -0.000000
 17 8.136637 0.000008 0.000004 -1.166889 -0.008375 0.014013
 18 1.369795 0.361443 1.237272 1.175075 -0.347333 0.479992
 19 1.320668 -0.000000 0.000000 0.201328 -0.139079 -0.045485
 20 1.066025 0.000000 0.000000 -0.014471 -0.113783 0.196807
 21 1.039343 -0.000001 -0.000000 1.325744 0.991426 2.013611
 22 2.457049 -0.024848 0.014095 -0.000072 -0.005736 -0.010113
 23 3.525410 -0.419242 0.945131 1.648473 0.052800 0.007770
 24 1.209883 -0.000000 -0.000000 0.003943 0.285298 -0.018611
 25 0.743918 0.000001 0.000001 -0.001656 1.148181 -0.092843
 26 0.794889 0.000000 -0.000000 -0.000005 0.704556 -0.000608
 27 3.414727 -0.449901 0.223652 1.693617 0.046763 0.558369
 28 1.390921 -0.000000 0.000000 -0.004769 1.284870 -0.018048
 29 0.906345 0.000000 0.000000 0.006062 -0.433839 0.045570
 30 0.776325 0.000000 0.000000 0.001079 0.866577 0.033798
 31 3.289557 -0.311000 -0.505976 1.762164 0.112217 0.757107
 32 1.262953 -0.000001 0.000000 0.410302 1.354679 0.453063
 33 0.919429 -0.000000 -0.000000 -0.052499 -0.297525 0.013980
 34 0.803004 -0.000000 -0.000001 -0.163064 1.145489 -1.117549
 35 3.167419 -0.097637 -1.197365 1.832995 -0.038354 1.129403
 36 0.817884 0.000000 0.000000 0.142196 1.147469 0.122418
 37 0.708995 0.000001 0.000000 -0.039911 -0.253101 0.086949
 38 0.794783 -0.000000 -0.000001 -1.042950 1.141227 -1.966856
 39 5.566999 5.667288 -3.006967 0.000000 0.000000 0.000000
 40 0.000000 0.000000 0.000000 -1.169565 0.195984 -0.657414
 41 8.403363 -0.000000 -0.000001 0.000000 2.270264 0.000000
 42 8.136637 -0.000008 0.000003 2.634556 -0.625360 -0.687967
 43 1.369794 -0.361443 1.237272 -1.127491 0.097656 -0.579344
 44 1.320668 0.000002 -0.000001 -0.218662 -0.109509 0.185068
 45 1.066023 -0.000000 0.000000 -0.025949 -0.111735 0.158666
 46 3.289559 0.311001 -0.505976 -1.569928 0.064069 -0.677339
 47 1.262953 0.000000 -0.000001 -0.592079 1.417311 -0.637209
 48 0.919429 0.000002 -0.000000 0.132824 1.180916 0.124669
 49 3.167420 0.097637 -1.197364 -1.577201 0.079890 -0.593938
 50 0.817882 -0.000000 -0.000001 -0.164298 1.212571 -0.146163
 51 0.708995 0.000002 0.000000 0.062061 0.898421 -0.028374
 52 3.414729 0.449901 0.223654 -1.580784 0.013019 -0.654458
 53 1.390922 0.000002 -0.000001 0.005511 1.543565 0.018247
 54 0.906347 0.000000 0.000001 -0.006062 0.824979 -0.045570
 55 2.457049 0.024849 0.014095 0.000073 -0.005736 0.010114
 56 3.525410 0.419243 0.945132 -1.571888 -0.021860 -0.078400
 57 1.209882 -0.000002 -0.000001 -0.003943 0.519687 0.018610
 58 0.743920 0.000000 -0.000000 0.001656 0.537959 0.092843
 59 8.136639 -0.000000 -0.000002 1.570797 -0.032533 -0.000000
 60 -2.527444 -11.689457 -4.412755 1.521224 -2.060136 -1.255988
 61 0.008386 -0.048311 -0.069476 -0.000000 -0.000000 -0.000000
time 16
  0 -2.711268 -10.751402 -1.767540 -0.315565 -0.475340 -0.268347
  1 0.250197 -3.917488 -0.099873 0.000000 0.000000 0.000000
  2 0.337618 4.930951 0.877139 0.000000 0.000000 0.000000
  3 0.249743 5.375677 -0.431249 0.000000 0.000000 0.000000
  4 -2.477793 12.401385 4.136672 0.000000 0.000000 0.000000
  5 0.241867 9.046294 0.896507 0.000000 0.000000 0.000000
  6 0.000303 8.159075 -1.557892 0.000000 0.000000 0.000000
  7 0.246663 7.851890 -0.926847 0.000000 0.000000 0.000000
  8 -2.477793 12.401385 4.136672 0.000000 0.000000 0.000000
  9 0.000000 -0.000000 0.000000 0.000000 0.000000 0.000000
 10 0.000000 -15.653315 -6.600977 0.000000 0.000000 0.000000
 11 4.259319 -1.340088 -6.409892 -0.259985 -0.542441 -0.506329
 12 -0.000000 0.000000 -0.000000 0.000000 0.000000 0.000000
 13 -2.636130 0.330815 -2.304476 0.000000 -1.226559 0.000000
 14 -0.000000 0.000000 -0.000000 -1.566589 -3.136826 0.708013
 15 8.403363 -0.000000 -0.000001 -0.000000 1.476644 -0.000000
 16 8.136638 -0.000000 0.000000 -1.570796 -0.032553 0.000000
 17 8.136637 0.000008 0.000006 -1.123165 0.069542 0.085479
 18 1.369794 0.361443 1.237272 1.175075 -0.347333 0.479992
 19 1.320667 -0.000001 0.000000 0.201328 -0.139079 -0.045485
 20 1.066025 0.000000 -0.000000 -0.014471 -0.113783 0.196807
 21 1.039343 -0.000001 -0.000000 1.325744 0.991426 2.013611
 22 2.457049 -0.024849 0.014095 -0.000072 -0.005736 -0.010113
 23 3.525410 -0.419243 0.945132 1.648473 0.052800 0.007770
 24 1.209883 -0.000000 -0.000000 0.003943 0.285298 -0.018611
 25 0.743917 -0.000000 0.000000 -0.001656 1.148181 -0.092843
 26 0.794889 0.000000 0.000000 -0.000005 0.704556 -0.000608
 27 3.414728 -0.449902 0.223652 1.693617 0.046763 0.558369
 28 1.390921 -0.000001 0.000000 -0.004769 1.284870 -0.018048
 29 0.906346 0.000000 0.000000 0.006062 -0.433838 0.045570
 30 0.776324 -0.000001 -0.000000 0.001079 0.866577 0.033798
 31 3.289557 -0.311001 -0.505976 1.762164 0.112217 0.757107
 32 1.262953 -0.000000 0.000001 0.410302 1.354679 0.453063
 33 0.919429 -0.000000 0.000000 -0.052499 -0.297525 0.013980
 34 0.803004 -0.000000 -0.000001 -0.163064 1.145489 -1.117549
 35 3.167419 -0.097638 -1.197365 1.832995 -0.038354 1.129403
 36 0.817884 -0.000000 0.000001 0.142196 1.147469 0.122418
 37 0.708995 0.000000 0.000000 -0.039911 -0.253101 0.086949
 38 0.794783 -0.000001 -0.000000 -1.042950 1.141227 -1.966856
 39 5.566999 5.667288 -3.006967 0.000000 0.000000 0.000000
 40 0.000000 0.000000 0.000000 -1.179534 0.218526 -0.668341
 41 8.403363 0.000000 -0.000001 -0.000000 2.146306 -0.000000
 42 8.136637 -0.000008 0.000003 2.679937 -0.423710 -0.639427
 43 1.369793 -0.361442 1.237273 -1.127491 0.097656 -0.579344
 44 1.320668 0.000002 -0.000001 -0.218662 -0.109509 0.185068
 45 1.066023 0.000000 0.000000 -0.025949 -0.111735 0.158666
 46 3.289559 0.311001 -0.505976 -1.569928 0.064069 -0.677339
 47 1.262953 0.000000 -0.000001 -0.592079 1.417311 -0.637209
 48 0.919429 0.000002 -0.000000 0.132824 1.180916 0.124669
 49 3.167420 0.097638 -1.197364 -1.577201 0.079890 -0.593938
 50 0.817882 0.000000 -0.000001 -0.164298 1.212571 -0.146163
 51 0.708995 0.000002 -0.000000 0.062061 0.898421 -0.028374
 52 3.414729 0.449902 0.223654 -1.580784 0.013019 -0.654459
 53 1.390922 0.000002 -0.000001 0.005511 1.543565 0.018247
 54 0.906347 -0.000000 0.000001 -0.006062 0.824979 -0.045570
 55 2.457049 0.024849 0.014096 0.000073 -0.005736 0.010114
 56 3.525410 0.419243 0.945132 -1.571888 -0.021860 -0.078400
 57 1.209882 -0.000002 -0.000000 -0.003943 0.519687 0.018610
 58 0.743920 0.000000 -0.000000 0.001656 0.537959 0.092843
 59 8.136639 0.000000 -0.000002 1.570797 -0.032533 -0.000000
 60 -3.354827 -11.765299 -3.914231 1.475457 -2.198521 -1.291749
 61 0.008386 -0.048312 -0.069476 0.000000 0.000000 -0.000000
time 17
  0 -3.458748 -10.627266 -1.405975 -0.421049 -0.557181 -0.293890
  1 0.250197 -3.917488 -0.099874 0.000000 0.000000 0.000000
  2 0.337618 4.930951 0.877138 0.000000 0.000000 0.000000
  3 0.249743 5.375676 -0.431249 0.000000 0.000000 0.000000
  4 -2.477793 12.401385 4.136672 0.000000 0.000000 0.000000
  5 0.241867 9.046293 0.896506 0.000000 0.000000 0.000000
  6 0.000303 8.159075 -1.557892 0.000000 0.000000 0.000000
  7 0.246663 7.851890 -0.926848 0.000000 0.000000 0.000000
  8 -2.477793 12.401385 4.136672 0.000000 0.000000 0.000000
  9 0.000000 0.000000 -0.000000 0.000000 0.000000 0.000000
 10 0.000000 -15.653315 -6.600977 0.000000 0.000000 0.000000
 11 4.462180 -2.342853 -6.634816 -0.343930 -0.643771 -0.537023
 12 -0.000000 -0.000000 0.000000 0.000000 0.000000 0.000000
 13 -2.636130 0.330815 -2.304476 0.000000 -1.226559 0.000000
 14 -0.000000 0.000000 -0.000000 -1.521812 -3.085545 0.728414
 15 8.403361 0.000000 -0.000001 0.000000 1.464035 0.000000
 16 8.136638 -0.000000 -0.000000 -1.570796 -0.032553 0.000000
 17 8.136637 0.000008 0.000005 -1.087672 0.131901 0.161745
 18 1.369795 0.361443 1.237272 1.175075 -0.347333 0.479992
 19 1.320668 -0.000001 -0.000000 0.201328 -0.139079 -0.045485
 20 1.066025 -0.000000 -0.000000 -0.014471 -0.113783 0.196807
 21 1.039344 -0.000002 0.000000 1.325745 0.991426 2.013611
 22 2.457049 -0.024848 0.014095 -0.000072 -0.005736 -0.010113
 23 3.525410 -0.419243 0.945132 1.648473 0.052800 0.007770
 24 1.209883 -0.000001 0.000000 0.003943 0.285298 -0.018611
 25 0.743918 -0.000000 0.000001 -0.001656 1.148181 -0.092843
 26 0.794889 -0.000000 0.000000 -0.000005 0.704556 -0.000608
 27 3.414728 -0.449902 0.223652 1.693617 0.046763 0.558369
 28 1.390921 -0.000001 0.000001 -0.004769 1.284870 -0.018048
 29 0.906346 0.000001 0.000000 0.006062 -0.433839 0.045570
 30 0.776325 -0.000000 0.000000 0.001079 0.866577 0.033798
 31 3.289557 -0.311001 -0.505976 1.762164 0.112217 0.757107
 32 1.262953 0.000000 0.000000 0.410302 1.354679 0.453063
 33 0.919429 -0.000000 -0.000000 -0.052499 -0.297525 0.013980
 34 0.803004 -0.000000 -0.000001 -0.163064 1.145489 -1.117549
 35 3.167419 -0.097637 -1.197365 1.832995 -0.038354 1.129403
 36 0.817884 -0.000000 0.000000 0.142196 1.147469 0.122418
 37 0.708995 0.000001 0.000000 -0.039911 -0.253101 0.086949
 38 0.794783 -0.000001 -0.000000 -1.042950 1.141227 -1.966856
 39 5.566999 5.667288 -3.006967 0.000000 0.000000 0.000000
 40 0.000000 0.000000 0.000000 -1.214127 0.230046 -0.686233
 41 8.403363 -0.000000 -0.000002 0.000000 2.010784 0.000000
 42 8.136636 -0.000008 0.000003 2.693082 -0.225044 -0.579001
 43 1.369793 -0.361443 1.237273 -1.127491 0.097656 -0.579344
 44 1.320668 0.000001 -0.000001 -0.218662 -0.109509 0.185068
 45 1.066023 0.000000 0.000000 -0.025949 -0.111735 0.158666
 46 3.289558 0.311001 -0.505976 -1.569928 0.064069 -0.677339
 47 1.262953 0.000000 -0.000001 -0.592079 1.417311 -0.637209
 48 0.919429 0.000002 -0.000000 0.132824 1.180916 0.124669
 49 3.167420 0.097637 -1.197364 -1.577201 0.079890 -0.593938
 50 0.817882 -0.000000 -0.000001 -0.164298 1.212571 -0.146164
 51 0.708995 0.000002 0.000000 0.062061 0.898421 -0.028374
 52 3.414728 0.449902 0.223654 -1.580784 0.013019 -0.654459
 53 1.390922 0.000002 -0.000001 0.005509 1.543565 0.018245
 54 0.906347 0.000000 0.000001 -0.006062 0.824979 -0.045570
 55 2.457048 0.024849 0.014095 0.000073 -0.005736 0.010114
 56 3.525410 0.419243 0.945132 -1.571888 -0.021860 -0.078400
 57 1.209882 -0.000003 -0.000000 -0.003943 0.519687 0.018610
 58 0.743920 0.000000 -0.000000 0.001656 0.537959 0.092843
 59 8.136638 -0.000000 -0.000002 1.570797 -0.032533 -0.000000
 60 -4.076459 -11.825583 -3.463376 1.438505 -2.319167 -1.340845
 61 0.008386 -0.048311 -0.069476 0.000000 -0.000000 -0.000000
time 18
  0 -3.969524 -10.541523 -1.156234 -0.497953 -0.615276 -0.318915
  1 0.250197 -3.917489 -0.099874 0.000000 0.000000 0.000000
  2 0.337618 4.930951 0.877138 0.000000 0.000000 0.000000
  3 0.249743 5.375676 -0.431249 0.000000 0.000000 0.000000
  4 -2.477793 12.401385 4.136672 0.000000 0.000000 0.000000
  5 0.241867 9.046293 0.896506 0.000000 0.000000 0.000000
  6 0.000303 8.159075 -1.557893 0.000000 0.000000 0.000000
  7 0.246663 7.851890 -0.926848 0.000000 0.000000 0.000000
  8 -2.477793 12.401385 4.136672 0.000000 0.000000 0.000000
  9 0.000000 0.000000 -0.000000 0.000000 0.000000 0.000000
 10 0.000000 -15.653315 -6.600977 0.000000 0.000000 0.000000
 11 4.672699 -3.241012 -6.699507 -0.405730 -0.715665 -0.565747
 12 -0.000000 0.000000 0.000000 0.000000 0.000000 0.000000
 13 -2.636130 0.330815 -2.304476 0.000000 -1.226559 0.000000
 14 -0.000000 0.000000 -0.000000 -1.490169 -3.048328 0.743756
 15 8.403362 -0.000001 -0.000001 -0.000000 1.450349 -0.000000
 16 8.136638 -0.000000 -0.000001 -1.570796 -0.032553 -0.000000
 17 8.136636 0.000008 0.000005 -1.067291 0.171129 0.225601
 18 1.369794 0.361443 1.237272 1.175075 -0.347333 0.479992
 19 1.320668 -0.000000 0.000000 0.201328 -0.139079 -0.045485
 20 1.066025 0.000000 -0.000000 -0.014471 -0.113783 0.196807
 21 1.039343 -0.000001 -0.000001 1.325745 0.991426 2.013611
 22 2.457048 -0.024848 0.014094 -0.000072 -0.005736 -0.010113
 23 3.525409 -0.419242 0.945131 1.648473 0.052800 0.007770
 24 1.209883 -0.000000 -0.000000 0.003943 0.285298 -0.018611
 25 0.743917 0.000000 -0.000000 -0.001656 1.148181 -0.092843
 26 0.794889 -0.000001 0.000000 -0.000005 0.704556 -0.000608
 27 3.414727 -0.449901 0.223652 1.693617 0.046763 0.558369
 28 1.390921 -0.000000 0.000000 -0.004769 1.284870 -0.018048
 29 0.906345 0.000000 0.000000 0.006062 -0.433839 0.045570
 30 0.776325 0.000000 0.000000 0.001079 0.866577 0.033798
 31 3.289557 -0.311001 -0.505976 1.762164 0.112217 0.757107
 32 1.262953 -0.000000 0.000000 0.410302 1.354679 0.453063
 33 0.919429 0.000000 -0.000000 -0.052499 -0.297525 0.013980
 34 0.803004 -0.000001 -0.000001 -0.163064 1.145489 -1.117549
 35 3.167419 -0.097637 -1.197365 1.832995 -0.038354 1.129404
 36 0.817883 0.000000 0.000000 0.142196 1.147469 0.122418
 37 0.708995 -0.000000 0.000000 -0.039911 -0.253101 0.086949
 38 0.794783 -0.000000 -0.000001 -1.042950 1.141227 -1.966856
 39 5.566999 5.667288 -3.006967 0.000000 0.000000 0.000000
 40 0.000000 0.000000 0.000000 -1.253034 0.232119 -0.710381
 41 8.403363 0.000000 -0.000001 -0.000000 1.890888 -0.000000
 42 8.136636 -0.000008 0.000004 2.687593 -0.062287 -0.531905
 43 1.369793 -0.361442 1.237272 -1.127491 0.097656 -0.579344
 44 1.320668 0.000002 -0.000001 -0.218662 -0.109509 0.185068
 45 1.066023 -0.000000 0.000000 -0.025949 -0.111735 0.158666
 46 3.289559 0.311001 -0.505976 -1.569928 0.064069 -0.677339
 47 1.262953 -0.000000 -0.000001 -0.592079 1.417311 -0.637208
 48 0.919429 0.000002 -0.000000 0.132824 1.180916 0.124669
 49 3.167420 0.097638 -1.197364 -1.577201 0.079890 -0.593938
 50 0.817882 -0.000000 -0.000001 -0.164298 1.212571 -0.146163
 51 0.708995 0.000002 -0.000000 0.062060 0.898421 -0.028374
 52 3.414729 0.449902 0.223654 -1.580784 0.013019 -0.654459
 53 1.390922 0.000002 -0.000001 0.005511 1.543565 0.018247
 54 0.906347 0.000000 0.000001 -0.006062 0.824979 -0.045570
 55 2.457049 0.024849 0.014095 0.000073 -0.005736 0.010114
 56 3.525410 0.419244 0.945132 -1.571888 -0.021860 -0.078400
 57 1.209882 -0.000002 -0.000000 -0.003943 0.519687 0.018610
 58 0.743920 0.000000 -0.000000 0.001656 0.537959 0.092843
 59 8.136638 -0.000000 -0.000001 1.570797 -0.032533 -0.000000
 60 -4.599379 -11.856549 -3.137250 1.411467 -2.403472 -1.389409
 61 0.008386 -0.048311 -0.069476 0.000000 0.000000 -0.000000
time 19
  0 -4.158659 -10.509529 -1.063047 -0.527713 -0.637365 -0.343921
  1 0.250197 -3.917489 -0.099874 0.000000 0.000000 0.000000
  2 0.337618 4.930950 0.877138 0.000000 0.000000 0.000000
  3 0.249743 5.375676 -0.431249 0.000000 0.000000 0.000000
  4 -2.477792 12.401384 4.136672 0.000000 0.000000 0.000000
  5 0.241868 9.046293 0.896506 0.000000 0.000000 0.000000
  6 0.000304 8.159075 -1.557893 0.000000 0.000000 0.000000
  7 0.246664 7.851890 -0.926848 0.000000 0.000000 0.000000
  8 -2.477792 12.401384 4.136672 0.000000 0.000000 0.000000
  9 0.000000 -0.000000 0.000000 0.000000 0.000000 0.000000
 10 0.000000 -15.653315 -6.600977 0.000000 0.000000 0.000000
 11 4.854944 -3.751547 -6.702017 -0.429824 -0.742988 -0.592142
 12 -0.000000 -0.000000 -0.000000 0.000000 0.000000 0.000000
 13 -2.636130 0.330815 -2.304476 0.000000 -1.226559 0.000000
 14 -0.000000 0.000000 -0.000000 -1.477180 -3.032890 0.748583
 15 8.403362 -0.000000 -0.000002 0.000000 1.445016 0.000000
 16 8.136638 -0.000001 0.000000 -1.570796 -0.032553 -0.000000
 17 8.136637 0.000007 0.000006 -1.069069 0.182407 0.259406
 18 1.369795 0.361443 1.237272 1.175074 -0.347333 0.479992
 19 1.320667 -0.000000 0.000000 0.201328 -0.139079 -0.045485
 20 1.066025 0.000000 -0.000000 -0.014471 -0.113783 0.196807
 21 1.039344 -0.000001 -0.000000 1.325744 0.991426 2.013611
 22 2.457049 -0.024849 0.014095 -0.000072 -0.005736 -0.010113
 23 3.525410 -0.419243 0.945132 1.648473 0.052800 0.007770
 24 1.209883 -0.000001 0.000000 0.003943 0.285298 -0.018611
 25 0.743917 0.000000 0.000000 -0.001656 1.148181 -0.092843
 26 0.794889 -0.000000 0.000000 -0.000005 0.704556 -0.000608
 27 3.414728 -0.449902 0.223653 1.693617 0.046763 0.558369
 28 1.390921 -0.000001 0.000000 -0.004769 1.284870 -0.018048
 29 0.906346 0.000001 0.000000 0.006062 -0.433839 0.045570
 30 0.776325 -0.000000 -0.000000 0.001079 0.866577 0.033798
 31 3.289557 -0.311002 -0.505976 1.762164 0.112217 0.757107
 32 1.262953 -0.000001 0.000000 0.410302 1.354679 0.453063
 33 0.919429 0.000000 0.000000 -0.052499 -0.297525 0.013980
 34 0.803004 -0.000000 -0.000001 -0.163064 1.145489 -1.117549
 35 3.167419 -0.097638 -1.197365 1.832995 -0.038354 1.129403
 36 0.817884 -0.000000 0.000000 0.142196 1.147469 0.122418
 37 0.708995 0.000001 0.000000 -0.039911 -0.253101 0.086949
 38 0.794784 -0.000001 -0.000000 -1.042950 1.141227 -1.966856
 39 5.566999 5.667288 -3.006967 0.000000 0.000000 0.000000
 40 0.000000 0.000000 0.000000 -1.275714 0.231386 -0.721812
 41 8.403362 0.000000 -0.000002 0.000000 1.821340 -0.000000
 42 8.136635 -0.000008 0.000004 2.668975 0.033843 -0.505584
 43 1.369793 -0.361442 1.237272 -1.127491 0.097656 -0.579344
 44 1.320668 0.000002 -0.000001 -0.218662 -0.109509 0.185068
 45 1.066023 0.000000 0.000000 -0.025949 -0.111735 0.158666
 46 3.289558 0.311002 -0.505977 -1.569928 0.064069 -0.677339
 47 1.262953 -0.000000 -0.000001 -0.592079 1.417311 -0.637209
 48 0.919429 0.000002 -0.000000 0.132824 1.180916 0.124669
 49 3.167420 0.097638 -1.197364 -1.577201 0.079890 -0.593938
 50 0.817882 0.000000 -0.000001 -0.164298 1.212571 -0.146163
 51 0.708995 0.000002 0.000000 0.062061 0.898421 -0.028374
 52 3.414728 0.449903 0.223653 -1.580784 0.013019 -0.654459
 53 1.390922 0.000002 -0.000001 0.005510 1.543565 0.018246
 54 0.906347 -0.000000 0.000001 -0.006062 0.824979 -0.045570
 55 2.457049 0.024850 0.014095 0.000073 -0.005736 0.010114
 56 3.525410 0.419244 0.945132 -1.571888 -0.021860 -0.078400
 57 1.209881 -0.000002 -0.000000 -0.003943 0.519687 0.018610
 58 0.743920 0.000000 -0.000000 0.001656 0.537959 0.092843
 59 8.136637 -0.000000 -0.000001 1.570797 -0.032533 -0.000000
 60 -4.819382 -11.856107 -3.012562 1.400833 -2.435182 -1.424830
 61 0.008385 -0.048312 -0.069476 0.000000 -0.000000 -0.000000
time 20
  0 -4.092106 -10.652580 -1.242925 -0.503972 -0.629380 -0.372139
  1 0.250197 -3.551991 -0.099874 0.000000 0.000000 0.000000
  2 0.337618 5.345901 0.877138 0.000000 0.000000 0.000000
  3 0.249743 5.375676 -0.431249 0.000000 0.000000 0.000000
  4 -2.477793 12.401385 4.136672 0.000000 0.000000 0.000000
  5 0.241868 9.046293 0.896507 0.000000 0.000000 0.000000
  6 0.000303 8.159075 -1.557892 0.000000 0.000000 0.000000
  7 0.246664 7.851890 -0.926848 0.000000 0.000000 0.000000
  8 -2.477793 12.401385 4.136672 0.000000 0.000000 0.000000
  9 0.000000 0.000000 -0.000000 0.000000 0.000000 0.000000
 10 0.000000 -15.653315 -6.600977 0.000000 0.000000 0.000000
 11 5.012835 -3.907458 -6.748990 -0.407436 -0.730538 -0.621351
 12 0.000000 0.000000 -0.000000 0.000000 0.000000 0.000000
 13 -2.636130 0.330815 -2.304476 0.000000 -1.226559 0.000000
 14 -0.000000 0.000000 -0.000000 -1.494010 -3.055078 0.713203
 15 8.403362 -0.000001 -0.000000 0.000000 1.477701 0.000000
 16 8.136638 -0.000000 -0.000000 -1.570796 -0.032553 0.000000
 17 8.136637 0.000008 0.000005 -1.097352 0.169563 0.279259
 18 1.369795 0.361444 1.237272 1.175074 -0.347333 0.479992
 19 1.320668 -0.000001 0.000000 0.201328 -0.139079 -0.045485
 20 1.066025 -0.000000 0.000000 -0.014471 -0.113783 0.196807
 21 1.039343 -0.000002 -0.000000 1.325744 0.991426 2.013611
 22 2.457049 -0.024848 0.014095 -0.000072 -0.005736 -0.010113
 23 3.525410 -0.419242 0.945132 1.648473 0.052800 0.007770
 24 1.209883 -0.000000 -0.000000 0.003943 0.285298 -0.018611
 25 0.743918 0.000000 0.000000 -0.001656 1.148181 -0.092843
 26 0.794889 0.000000 -0.000000 -0.000005 0.704556 -0.000608
 27 3.414728 -0.449901 0.223653 1.693617 0.046763 0.558369
 28 1.390921 -0.000000 0.000001 -0.004769 1.284870 -0.018048
 29 0.906345 0.000000 -0.000000 0.006062 -0.433839 0.045570
 30 0.776325 -0.000000 -0.000000 0.001079 0.866577 0.033798
 31 3.289557 -0.311000 -0.505976 1.762164 0.112217 0.757107
 32 1.262953 -0.000000 0.000000 0.410302 1.354679 0.453063
 33 0.919429 0.000000 0.000000 -0.052499 -0.297525 0.013980
 34 0.803003 -0.000000 -0.000001 -0.163064 1.145489 -1.117549
 35 3.167419 -0.097636 -1.197365 1.832995 -0.038354 1.129404
 36 0.817884 0.000000 -0.000000 0.142196 1.147469 0.122418
 37 0.708995 0.000000 -0.000000 -0.039911 -0.253101 0.086949
 38 0.794784 -0.000001 -0.000001 -1.042950 1.141227 -1.966856
 39 5.566999 5.667288 -3.006967 0.000000 0.000000 0.000000
 40 0.000000 0.000000 0.000000 -1.279022 0.234145 -0.715546
 41 8.403363 0.000000 -0.000001 0.000000 1.797547 0.000000
 42 8.136636 -0.000008 0.000003 2.638519 0.066056 -0.486515
 43 1.369793 -0.361443 1.237273 -1.127491 0.097656 -0.579344
 44 1.320668 0.000002 -0.000000 -0.218662 -0.109509 0.185068
 45 1.066023 -0.000000 0.000000 -0.025949 -0.111735 0.158666
 46 3.289559 0.311002 -0.505976 -1.569928 0.064069 -0.677339
 47 1.262953 0.000000 -0.000001 -0.592079 1.417311 -0.637209
 48 0.919429 0.000002 -0.000000 0.132824 1.180916 0.124669
 49 3.167420 0.097638 -1.197363 -1.577201 0.079890 -0.593938
 50 0.817882 -0.000001 -0.000001 -0.164298 1.212571 -0.146163
 51 0.708995 0.000002 -0.000000 0.062061 0.898421 -0.028374
 52 3.414728 0.449902 0.223654 -1.580784 0.013019 -0.654459
 53 1.390922 0.000002 -0.000001 0.005511 1.543565 0.018247
 54 0.906347 0.000000 0.000001 -0.006062 0.824979 -0.045570
 55 2.457049 0.024849 0.014096 0.000073 -0.005736 0.010114
 56 3.525410 0.419243 0.945133 -1.571888 -0.021860 -0.078400
 57 1.209882 -0.000002 -0.000000 -0.003943 0.519687 0.018610
 58 0.743920 0.000000 -0.000000 0.001656 0.537959 0.092843
 59 8.136638 -0.000000 -0.000002 1.570797 -0.032533 -0.000000
 60 -4.559906 -11.688607 -3.361988 1.398018 -2.414557 -1.437146
 61 0.008385 -0.048311 -0.069476 -0.000000 0.000000 -0.000000
time 21
  0 -3.933404 -10.993704 -1.671866 -0.447359 -0.610338 -0.403038
  1 0.250198 -2.747897 -0.099874 0.000000 0.000000 0.000000
  2 0.337618 6.258793 0.877138 0.000000 0.000000 0.000000
  3 0.249743 5.375677 -0.431249 0.000000 0.000000 0.000000
  4 -2.477793 12.401385 4.136672 0.000000 0.000000 0.000000
  5 0.241867 9.046293 0.896507 0.000000 0.000000 0.000000
  6 0.000303 8.159075 -1.557892 0.000000 0.000000 0.000000
  7 0.246663 7.851890 -0.926848 0.000000 0.000000 0.000000
  8 -2.477793 12.401385 4.136672 0.000000 0.000000 0.000000
  9 -0.000000 -0.000000 0.000000 0.000000 0.000000 0.000000
 10 0.000000 -15.653315 -6.600977 0.000000 0.000000 0.000000
 11 5.156688 -3.964380 -6.836377 -0.354521 -0.700680 -0.654080
 12 0.000000 -0.000000 0.000000 0.000000 0.000000 0.000000
 13 -2.636130 0.330815 -2.304476 0.000000 -1.226559 0.000000
 14 -0.000000 0.000000 -0.000000 -1.538472 -3.107131 0.640827
 15 8.403363 -0.000000 -0.000002 0.000000 1.537368 0.000000
 16 8.136638 -0.000000 0.000000 -1.570796 -0.032553 -0.000000
 17 8.136637 0.000008 0.000006 -1.142064 0.150975 0.305880
 18 1.369795 0.361443 1.237272 1.175075 -0.347333 0.479992
 19 1.320668 -0.000000 0.000000 0.201328 -0.139079 -0.045485
 20 1.066025 0.000000 -0.000000 -0.014471 -0.113783 0.196807
 21 1.039343 -0.000001 -0.000000 1.325744 0.991426 2.013611
 22 2.457049 -0.024849 0.014095 -0.000072 -0.005736 -0.010113
 23 3.525409 -0.419243 0.945132 1.648473 0.052800 0.007770
 24 1.209882 -0.000001 0.000000 0.003943 0.285298 -0.018611
 25 0.743917 -0.000000 0.000000 -0.001656 1.148181 -0.092843
 26 0.794890 -0.000000 -0.000000 -0.000005 0.704556 -0.000608
 27 3.414727 -0.449902 0.223652 1.693617 0.046763 0.558369
 28 1.390921 -0.000001 -0.000000 -0.004769 1.284870 -0.018048
 29 0.906346 0.000000 0.000000 0.006062 -0.433839 0.045570
 30 0.776324 -0.000000 0.000001 0.001079 0.866577 0.033798
 31 3.289557 -0.311001 -0.505976 1.762164 0.112217 0.757107
 32 1.262953 -0.000000 0.000000 0.410302 1.354679 0.453063
 33 0.919429 0.000000 0.000000 -0.052499 -0.297525 0.013980
 34 0.803004 -0.000000 -0.000001 -0.163064 1.145489 -1.117549
 35 3.167419 -0.097637 -1.197365 1.832995 -0.038354 1.129403
 36 0.817884 -0.000000 -0.000001 0.142196 1.147469 0.122418
 37 0.708995 0.000000 0.000000 -0.039911 -0.253101 0.086949
 38 0.794784 -0.000001 -0.000001 -1.042950 1.141227 -1.966856
 39 5.566999 5.667288 -3.006967 0.000000 0.000000 0.000000
 40 0.000000 0.000000 0.000000 -1.275321 0.239474 -0.704532
 41 8.403363 0.000000 -0.000001 -0.000000 1.786128 -0.000000
 42 8.136635 -0.000008 0.000002 2.600084 0.068040 -0.460644
 43 1.369794 -0.361443 1.237272 -1.127491 0.097656 -0.579344
 44 1.320668 0.000001 -0.000001 -0.218662 -0.109509 0.185068
 45 1.066023 -0.000001 0.000000 -0.025949 -0.111735 0.158666
 46 3.289558 0.311001 -0.505976 -1.569928 0.064069 -0.677339
 47 1.262953 -0.000000 -0.000001 -0.592079 1.417311 -0.637209
 48 0.919429 0.000002 -0.000000 0.132824 1.180916 0.124669
 49 3.167420 0.097638 -1.197363 -1.577201 0.079890 -0.593938
 50 0.817882 -0.000000 -0.000001 -0.164298 1.212571 -0.146163
 51 0.708995 0.000002 -0.000000 0.062061 0.898421 -0.028374
 52 3.414728 0.449902 0.223654 -1.580784 0.013020 -0.654458
 53 1.390922 0.000002 -0.000001 0.005512 1.543565 0.018248
 54 0.906348 -0.000000 0.000001 -0.006062 0.824979 -0.045570
 55 2.457048 0.024849 0.014096 0.000073 -0.005736 0.010114
 56 3.525410 0.419243 0.945133 -1.571888 -0.021860 -0.078400
 57 1.209882 -0.000002 -0.000001 -0.003943 0.519687 0.018610
 58 0.743920 -0.000000 0.000000 0.001656 0.537959 0.092843
 59 8.136638 0.000000 -0.000003 1.570797 -0.032533 -0.000000
 60 -3.931957 -11.335090 -4.124892 1.388929 -2.365144 -1.428942
 61 0.008385 -0.048311 -0.069475 -0.000000 0.000000 -0.000001
time 22
  0 -3.743986 -11.400850 -2.183828 -0.379788 -0.587612 -0.431477
  1 0.250197 -1.943803 -0.099873 0.000000 0.000000 0.000000
  2 0.337618 7.171683 0.877138 0.000000 0.000000 0.000000
  3 0.249743 5.375676 -0.431249 0.000000 0.000000 0.000000
  4 -2.477793 12.401384 4.136672 0.000000 0.000000 0.000000
  5 0.241868 9.046292 0.896506 0.000000 0.000000 0.000000
  6 0.000303 8.159075 -1.557892 0.000000 0.000000 0.000000
  7 0.246664 7.851889 -0.926848 0.000000 0.000000 0.000000
  8 -2.477793 12.401384 4.136672 0.000000 0.000000 0.000000
  9 0.000000 -0.000000 0.000000 0.000000 0.000000 0.000000
 10 0.000000 -15.653315 -6.600977 0.000000 0.000000 0.000000
 11 5.285402 -3.986410 -6.896533 -0.292150 -0.664769 -0.683775
 12 0.000000 0.000000 -0.000000 0.000000 0.000000 0.000000
 13 -2.636130 0.330815 -2.304476 0.000000 -1.226559 0.000000
 14 -0.000000 0.000000 -0.000000 1.551500 0.019750 -2.569498
 15 8.403363 -0.000000 -0.000001 0.000000 1.580170 0.000000
 16 8.136637 -0.000000 -0.000000 -1.570796 -0.032553 -0.000000
 17 8.136637 0.000007 0.000005 -1.184657 0.136307 0.328822
 18 1.369795 0.361443 1.237272 1.175075 -0.347333 0.479992
 19 1.320667 -0.000000 -0.000000 0.201328 -0.139079 -0.045485
 20 1.066025 0.000000 -0.000000 -0.014471 -0.113783 0.196807
 21 1.039344 -0.000001 -0.000000 1.325744 0.991426 2.013611
 22 2.457049 -0.024848 0.014095 -0.000072 -0.005736 -0.010113
 23 3.525410 -0.419243 0.945132 1.648473 0.052800 0.007770
 24 1.209883 -0.000000 0.000000 0.003943 0.285298 -0.018611
 25 0.743918 0.000000 0.000001 -0.001656 1.148181 -0.092843
 26 0.794889 -0.000000 -0.000001 -0.000005 0.704556 -0.000608
 27 3.414728 -0.449902 0.223652 1.693617 0.046763 0.558369
 28 1.390921 -0.000000 0.000000 -0.004769 1.284870 -0.018048
 29 0.906346 0.000000 0.000000 0.006062 -0.433838 0.045570
 30 0.776324 0.000000 -0.000000 0.001079 0.866577 0.033798
 31 3.289557 -0.311001 -0.505976 1.762164 0.112217 0.757107
 32 1.262953 -0.000001 0.000001 0.410302 1.354679 0.453063
 33 0.919428 0.000000 0.000000 -0.052499 -0.297525 0.013980
 34 0.803003 -0.000000 -0.000001 -0.163064 1.145489 -1.117549
 35 3.167419 -0.097637 -1.197365 1.832995 -0.038354 1.129403
 36 0.817884 -0.000000 0.000000 0.142196 1.147469 0.122418
 37 0.708995 -0.000000 0.000000 -0.039911 -0.253101 0.086949
 38 0.794783 -0.000000 -0.000000 -1.042950 1.141227 -1.966856
 39 5.566999 5.667288 -3.006967 0.000000 0.000000 0.000000
 40 0.000000 0.000000 0.000000 -1.272138 0.243239 -0.693024
 41 8.403363 0.000000 -0.000002 -0.000000 1.780143 -0.000000
 42 8.136635 -0.000007 0.000004 2.558125 0.055518 -0.428366
 43 1.369793 -0.361442 1.237273 -1.127491 0.097656 -0.579344
 44 1.320668 0.000002 -0.000001 -0.218662 -0.109509 0.185068
 45 1.066023 -0.000000 0.000000 -0.025949 -0.111735 0.158666
 46 3.289559 0.311001 -0.505976 -1.569928 0.064069 -0.677339
 47 1.262953 0.000000 -0.000001 -0.592079 1.417311 -0.637209
 48 0.919429 0.000001 -0.000000 0.132824 1.180916 0.124669
 49 3.167420 0.097638 -1.197363 -1.577201 0.079890 -0.593938
 50 0.817882 0.000000 -0.000001 -0.164298 1.212571 -0.146163
 51 0.708995 0.000002 0.000000 0.062061 0.898421 -0.028374
 52 3.414728 0.449902 0.223654 -1.580784 0.013019 -0.654459
 53 1.390922 0.000002 -0.000001 0.005510 1.543565 0.018246
 54 0.906347 -0.000000 0.000001 -0.006062 0.824979 -0.045570
 55 2.457048 0.024849 0.014096 0.000073 -0.005736 0.010114
 56 3.525410 0.419243 0.945132 -1.571888 -0.021860 -0.078400
 57 1.209882 -0.000002 -0.000000 -0.003943 0.519687 0.018610
 58 0.743920 -0.000000 0.000000 0.001656 0.537959 0.092843
 59 8.136637 -0.000000 -0.000001 1.570797 -0.032533 -0.000000
 60 -3.272975 -10.984687 -4.901039 1.373087 -2.305897 -1.407837
 61 0.008386 -0.048311 -0.069476 0.000000 -0.000000 -0.000000
time 23
  0 -3.585284 -11.741974 -2.612770 -0.323175 -0.568570 -0.452312
  1 0.250197 -1.578306 -0.099874 0.000000 0.000000 0.000000
  2 0.337618 7.586632 0.877138 0.000000 0.000000 0.000000
  3 0.249743 5.375675 -0.431249 0.000000 0.000000 0.000000
  4 -2.477793 12.401383 4.136672 0.000000 0.000000 0.000000
  5 0.241868 9.046292 0.896507 0.000000 0.000000 0.000000
  6 0.000303 8.159074 -1.557892 0.000000 0.000000 0.000000
  7 0.246664 7.851888 -0.926848 0.000000 0.000000 0.000000
  8 -2.477793 12.401383 4.136672 0.000000 0.000000 0.000000
  9 0.000000 0.000000 0.000000 0.000000 0.000000 0.000000
 10 0.000000 -15.653315 -6.600977 0.000000 0.000000 0.000000
 11 5.381374 -4.006750 -6.911453 -0.240468 -0.634485 -0.704938
 12 0.000000 -0.000000 0.000000 0.000000 0.000000 0.000000
 13 -2.636130 0.330815 -2.304476 0.000000 -1.226559 0.000000
 14 -0.000000 0.000000 -0.000000 1.520574 0.051560 -2.599140
 15 8.403362 -0.000000 -0.000001 0.000000 1.575642 0.000000
 16 8.136638 -0.000000 -0.000000 -1.570796 -0.032553 0.000000
 17 8.136637 0.000008 0.000005 -1.202422 0.130028 0.336776
 18 1.369794 0.361443 1.237272 1.175075 -0.347333 0.479992
 19 1.320667 -0.000001 -0.000000 0.201328 -0.139079 -0.045485
 20 1.066025 0.000000 -0.000000 -0.014471 -0.113783 0.196807
 21 1.039343 -0.000002 -0.000000 1.325744 0.991426 2.013611
 22 2.457049 -0.024848 0.014095 -0.000072 -0.005736 -0.010113
 23 3.525410 -0.419243 0.945131 1.648473 0.052800 0.007770
 24 1.209883 -0.000001 -0.000000 0.003943 0.285298 -0.018611
 25 0.743918 -0.000000 -0.000000 -0.001656 1.148181 -0.092843
 26 0.794889 -0.000000 -0.000001 -0.000005 0.704556 -0.000608
 27 3.414727 -0.449901 0.223652 1.693617 0.046763 0.558369
 28 1.390921 -0.000000 0.000001 -0.004769 1.284870 -0.018048
 29 0.906346 0.000000 -0.000000 0.006062 -0.433838 0.045570
 30 0.776325 -0.000000 -0.000000 0.001079 0.866577 0.033798
 31 3.289557 -0.311000 -0.505976 1.762164 0.112217 0.757107
 32 1.262952 -0.000001 0.000001 0.410302 1.354679 0.453063
 33 0.919429 0.000000 0.000000 -0.052499 -0.297525 0.013980
 34 0.803004 -0.000000 -0.000001 -0.163064 1.145489 -1.117549
 35 3.167419 -0.097637 -1.197365 1.832995 -0.038354 1.129403
 36 0.817884 -0.000000 -0.000000 0.142196 1.147469 0.122418
 37 0.708995 0.000000 0.000000 -0.039911 -0.253101 0.086949
 38 0.794783 -0.000000 -0.000001 -1.042950 1.141227 -1.966856
 39 5.566999 5.667288 -3.006967 0.000000 0.000000 0.000000
 40 0.000000 0.000000 0.000000 -1.271982 0.244150 -0.684555
 41 8.403363 -0.000000 -0.000001 -0.000000 1.776669 -0.000000
 42 8.136637 -0.000008 0.000003 2.522214 0.040885 -0.397833
 43 1.369793 -0.361443 1.237273 -1.127491 0.097656 -0.579344
 44 1.320668 0.000002 -0.000001 -0.218662 -0.109509 0.185068
 45 1.066023 -0.000000 0.000000 -0.025949 -0.111735 0.158666
 46 3.289559 0.311001 -0.505975 -1.569928 0.064069 -0.677339
 47 1.262953 0.000000 -0.000001 -0.592079 1.417311 -0.637209
 48 0.919429 0.000002 -0.000000 0.132824 1.180916 0.124669
 49 3.167420 0.097637 -1.197363 -1.577201 0.079890 -0.593938
 50 0.817882 -0.000001 -0.000001 -0.164298 1.212571 -0.146163
 51 0.708995 0.000002 0.000000 0.062061 0.898421 -0.028374
 52 3.414728 0.449902 0.223655 -1.580784 0.013019 -0.654458
 53 1.390922 0.000002 -0.000001 0.005511 1.543565 0.018247
 54 0.906347 -0.000001 0.000001 -0.006062 0.824979 -0.045570
 55 2.457049 0.024849 0.014096 0.000073 -0.005736 0.010114
 56 3.525410 0.419243 0.945133 -1.571888 -0.021860 -0.078400
 57 1.209881 -0.000002 -0.000001 -0.003943 0.519687 0.018610
 58 0.743920 0.000000 -0.000000 0.001656 0.537959 0.092843
 59 8.136639 -0.000000 -0.000001 1.570797 -0.032533 -0.000000
 60 -2.903217 -10.898688 -5.401473 1.354841 -2.256209 -1.383891
 61 0.008386 -0.048311 -0.069476 0.000000 0.000000 -0.000000
time 24
  0 -3.518732 -11.885025 -2.792648 -0.299434 -0.560585 -0.460400
  1 0.250197 -1.578305 -0.099874 0.000000 0.000000 0.000000
  2 0.337618 7.586634 0.877138 0.000000 0.000000 0.000000
  3 0.249743 5.375677 -0.431249 0.000000 0.000000 0.000000
  4 -2.477793 12.401384 4.136672 0.000000 0.000000 0.000000
  5 0.241868 9.046293 0.896507 0.000000 0.000000 0.000000
  6 0.000303 8.159075 -1.557893 0.000000 0.000000 0.000000
  7 0.246664 7.851890 -0.926848 0.000000 0.000000 0.000000
  8 -2.477793 12.401384 4.136672 0.000000 0.000000 0.000000
  9 -0.000000 -0.000000 0.000000 0.000000 0.000000 0.000000
 10 0.000000 -15.653315 -6.600977 0.000000 0.000000 0.000000
 11 5.418952 -4.017926 -6.908462 -0.218934 -0.621741 -0.712977
 12 -0.000000 -0.000000 0.000000 0.000000 0.000000 0.000000
 13 -2.636130 0.330815 -2.304476 0.000000 -1.226559 0.000000
 14 -0.000000 0.000000 -0.000000 1.514679 0.058748 -2.598385
 15 8.403362 -0.000000 -0.000001 0.000000 1.555095 0.000000
 16 8.136638 -0.000000 -0.000001 -1.570796 -0.032553 -0.000000
 17 8.136637 0.000008 0.000005 -1.200978 0.130227 0.334862
 18 1.369794 0.361444 1.237272 1.175075 -0.347333 0.479992
 19 1.320668 -0.000000 0.000000 0.201328 -0.139079 -0.045485
 20 1.066025 0.000000 0.000001 -0.014471 -0.113783 0.196807
 21 1.039343 -0.000001 0.000000 1.325744 0.991426 2.013611
 22 2.457049 -0.024848 0.014094 -0.000072 -0.005736 -0.010113
 23 3.525410 -0.419243 0.945132 1.648473 0.052800 0.007770
 24 1.209883 -0.000001 -0.000000 0.003943 0.285298 -0.018611
 25 0.743917 0.000000 -0.000001 -0.001656 1.148181 -0.092843
 26 0.794889 0.000000 -0.000000 -0.000005 0.704556 -0.000608
 27 3.414728 -0.449902 0.223652 1.693617 0.046763 0.558369
 28 1.390921 -0.000000 0.000001 -0.004769 1.284870 -0.018048
 29 0.906346 0.000000 -0.000000 0.006062 -0.433838 0.045570
 30 0.776325 -0.000000 -0.000000 0.001079 0.866577 0.033798
 31 3.289557 -0.311000 -0.505976 1.762164 0.112217 0.757107
 32 1.262953 -0.000000 0.000000 0.410302 1.354679 0.453063
 33 0.919429 0.000000 -0.000000 -0.052499 -0.297525 0.013980
 34 0.803004 -0.000001 -0.000001 -0.163064 1.145489 -1.117549
 35 3.167419 -0.097637 -1.197365 1.832995 -0.038354 1.129403
 36 0.817884 -0.000000 0.000000 0.142196 1.147469 0.122418
 37 0.708995 0.000000 -0.000000 -0.039911 -0.253101 0.086949
 38 0.794783 -0.000000 -0.000000 -1.042950 1.141227 -1.966856
 39 5.566999 5.667288 -3.006967 0.000000 0.000000 0.000000
 40 0.000000 0.000000 0.000000 -1.272657 0.243943 -0.681418
 41 8.403363 -0.000000 -0.000001 -0.000000 1.775319 -0.000000
 42 8.136636 -0.000008 0.000003 2.506737 0.034027 -0.384014
 43 1.369793 -0.361443 1.237273 -1.127491 0.097656 -0.579344
 44 1.320668 0.000002 -0.000001 -0.218662 -0.109509 0.185068
 45 1.066023 -0.000000 0.000000 -0.025949 -0.111735 0.158666
 46 3.289559 0.311001 -0.505975 -1.569928 0.064069 -0.677339
 47 1.262953 -0.000000 -0.000001 -0.592079 1.417311 -0.637209
 48 0.919429 0.000002 -0.000000 0.132824 1.180916 0.124669
 49 3.167420 0.097637 -1.197363 -1.577201 0.079890 -0.593938
 50 0.817882 -0.000000 -0.000001 -0.164298 1.212571 -0.146164
 51 0.708995 0.000002 0.000000 0.062061 0.898421 -0.028374
 52 3.414728 0.449902 0.223654 -1.580784 0.013019 -0.654459
 53 1.390922 0.000001 -0.000000 0.005511 1.543565 0.018247
 54 0.906347 0.000000 0.000001 -0.006062 0.824979 -0.045570
 55 2.457049 0.024849 0.014096 0.000073 -0.005736 0.010114
 56 3.525410 0.419243 0.945133 -1.571888 -0.021860 -0.078400
 57 1.209881 -0.000002 -0.000001 -0.003943 0.519687 0.018610
 58 0.743920 -0.000000 -0.000000 0.001656 0.537959 0.092843
 59 8.136638 -0.000000 -0.000001 1.570797 -0.032533 -0.000000
 60 -2.836059 -10.978782 -5.561383 1.345617 -2.235405 -1.372074
 61 0.008386 -0.048311 -0.069476 0.000000 0.000000 -0.000000
time 25
  0 -3.577149 -11.871305 -2.610523 -0.324602 -0.571371 -0.448299
  1 0.250197 -1.578306 -0.099874 0.000000 0.000000 0.000000
  2 0.337617 7.586633 0.877138 0.000000 0.000000 0.000000
  3 0.249743 5.375676 -0.431249 0.000000 0.000000 0.000000
  4 -2.477793 12.401384 4.136672 0.000000 0.000000 0.000000
  5 0.241867 9.046293 0.896507 0.000000 0.000000 0.000000
  6 0.000303 8.159074 -1.557892 0.000000 0.000000 0.000000
  7 0.246663 7.851889 -0.926848 0.000000 0.000000 0.000000
  8 -2.477793 12.401384 4.136672 0.000000 0.000000 0.000000
  9 -0.000000 -0.000000 -0.000000 0.000000 0.000000 0.000000
 10 0.000000 -15.653315 -6.600977 0.000000 0.000000 0.000000
 11 5.372985 -4.116921 -6.909123 -0.241044 -0.637498 -0.701353
 12 -0.000000 0.000000 0.000000 0.000000 0.000000 0.000000
 13 -2.636130 0.330815 -2.304476 0.000000 -1.226559 0.000000
 14 -0.000000 0.000000 -0.000000 1.521093 0.052121 -2.585198
 15 8.403362 -0.000000 -0.000001 -0.000000 1.553675 -0.000000
 16 8.136638 -0.000000 -0.000001 -1.570796 -0.032553 -0.000000
 17 8.136637 0.000008 0.000005 -1.195903 0.139828 0.336773
 18 1.369794 0.361443 1.237272 1.175075 -0.347333 0.479992
 19 1.320667 -0.000000 0.000000 0.201328 -0.139079 -0.045485
 20 1.066025 0.000000 -0.000000 -0.014471 -0.113783 0.196807
 21 1.039344 -0.000001 -0.000000 1.325745 0.991426 2.013611
 22 2.457049 -0.024849 0.014094 -0.000072 -0.005736 -0.010113
 23 3.525409 -0.419243 0.945131 1.648473 0.052800 0.007770
 24 1.209882 -0.000000 -0.000000 0.003943 0.285298 -0.018611
 25 0.743917 0.000001 0.000000 -0.001656 1.148181 -0.092843
 26 0.794889 0.000000 -0.000000 -0.000005 0.704556 -0.000608
 27 3.414728 -0.449902 0.223652 1.693617 0.046763 0.558369
 28 1.390921 -0.000001 0.000000 -0.004769 1.284870 -0.018048
 29 0.906346 0.000000 0.000000 0.006062 -0.433838 0.045570
 30 0.776325 -0.000000 -0.000000 0.001079 0.866577 0.033798
 31 3.289557 -0.311001 -0.505976 1.762164 0.112217 0.757107
 32 1.262952 -0.000000 0.000001 0.410302 1.354679 0.453063
 33 0.919429 0.000000 0.000000 -0.052499 -0.297525 0.013980
 34 0.803003 -0.000000 -0.000001 -0.163064 1.145489 -1.117549
 35 3.167419 -0.097637 -1.197365 1.832995 -0.038354 1.129403
 36 0.817884 -0.000000 -0.000001 0.142196 1.147469 0.122418
 37 0.708995 -0.000000 0.000000 -0.039911 -0.253101 0.086949
 38 0.794784 -0.000000 -0.000001 -1.042950 1.141227 -1.966856
 39 5.566999 5.667288 -3.006967 0.000000 0.000000 0.000000
 40 0.000000 0.000000 0.000000 -1.277133 0.243821 -0.693530
 41 8.403362 0.000000 -0.000001 -0.000000 1.760752 -0.000000
 42 8.136635 -0.000008 0.000003 2.519606 0.044035 -0.396438
 43 1.369793 -0.361442 1.237273 -1.127491 0.097656 -0.579344
 44 1.320668 0.000001 -0.000001 -0.218662 -0.109509 0.185068
 45 1.066022 -0.000000 -0.000000 -0.025949 -0.111735 0.158666
 46 3.289558 0.311001 -0.505976 -1.569928 0.064069 -0.677339
 47 1.262952 0.000000 -0.000001 -0.592079 1.417311 -0.637209
 48 0.919429 0.000002 -0.000000 0.132824 1.180916 0.124669
 49 3.167419 0.097638 -1.197363 -1.577201 0.079890 -0.593938
 50 0.817882 -0.000000 -0.000001 -0.164298 1.212571 -0.146163
 51 0.708995 0.000002 -0.000000 0.062061 0.898421 -0.028374
 52 3.414728 0.449902 0.223654 -1.580784 0.013019 -0.654459
 53 1.390922 0.000002 -0.000001 0.005511 1.543565 0.018247
 54 0.906347 -0.000000 0.000001 -0.006062 0.824979 -0.045570
 55 2.457048 0.024849 0.014095 0.000073 -0.005736 0.010114
 56 3.525410 0.419243 0.945133 -1.571888 -0.021860 -0.078400
 57 1.209881 -0.000002 -0.000000 -0.003943 0.519687 0.018610
 58 0.743920 -0.000000 -0.000000 0.001656 0.537959 0.092843
 59 8.136637 0.000000 -0.000003 1.570797 -0.032533 -0.000000
 60 -2.892236 -11.032221 -5.399796 1.352428 -2.258845 -1.378783
 61 0.008386 -0.048311 -0.069476 0.000000 0.000000 -0.000000
time 26
  0 -3.716452 -11.838590 -2.176225 -0.384619 -0.597091 -0.417424
  1 0.250197 -1.578306 -0.099874 0.000000 0.000000 0.000000
  2 0.337618 7.586633 0.877139 0.000000 0.000000 0.000000
  3 0.249743 5.375677 -0.431248 0.000000 0.000000 0.000000
  4 -2.477793 12.401384 4.136673 0.000000 0.000000 0.000000
  5 0.241868 9.046293 0.896507 0.000000 0.000000 0.000000
  6 0.000303 8.159075 -1.557892 0.000000 0.000000 0.000000
  7 0.246664 7.851890 -0.926847 0.000000 0.000000 0.000000
  8 -2.477793 12.401384 4.136673 0.000000 0.000000 0.000000
  9 0.000000 -0.000000 -0.000000 0.000000 0.000000 0.000000
 10 0.000000 -15.653315 -6.600977 0.000000 0.000000 0.000000
 11 5.261270 -4.357492 -6.882288 -0.294073 -0.674950 -0.671226
 12 -0.000000 -0.000000 0.000000 0.000000 0.000000 0.000000
 13 -2.636130 0.330815 -2.304476 0.000000 -1.226559 0.000000
 14 -0.000000 0.000000 -0.000000 1.536332 0.036334 -2.552684
 15 8.403363 -0.000001 -0.000001 0.000000 1.548815 0.000000
 16 8.136638 -0.000000 0.000000 -1.570796 -0.032553 0.000000
 17 8.136637 0.000008 0.000005 -1.182027 0.162123 0.341612
 18 1.369795 0.361444 1.237272 1.175075 -0.347333 0.479992
 19 1.320668 -0.000000 0.000000 0.201328 -0.139079 -0.045485
 20 1.066025 0.000000 -0.000000 -0.014471 -0.113783 0.196807
 21 1.039344 -0.000001 -0.000000 1.325745 0.991426 2.013611
 22 2.457049 -0.024848 0.014094 -0.000072 -0.005736 -0.010113
 23 3.525410 -0.419243 0.945131 1.648473 0.052800 0.007770
 24 1.209883 -0.000000 0.000000 0.003943 0.285298 -0.018611
 25 0.743917 0.000000 0.000001 -0.001656 1.148181 -0.092843
 26 0.794889 0.000000 -0.000000 -0.000005 0.704556 -0.000608
 27 3.414728 -0.449901 0.223652 1.693617 0.046763 0.558369
 28 1.390921 -0.000000 0.000000 -0.004769 1.284870 -0.018048
 29 0.906346 0.000000 0.000000 0.006062 -0.433839 0.045570
 30 0.776325 -0.000000 0.000000 0.001079 0.866577 0.033798
 31 3.289557 -0.311000 -0.505976 1.762164 0.112217 0.757107
 32 1.262953 -0.000000 0.000000 0.410301 1.354679 0.453063
 33 0.919429 -0.000000 0.000000 -0.052499 -0.297525 0.013980
 34 0.803004 -0.000001 -0.000001 -0.163064 1.145489 -1.117549
 35 3.167419 -0.097637 -1.197365 1.832995 -0.038354 1.129403
 36 0.817884 -0.000001 -0.000000 0.142196 1.147469 0.122418
 37 0.708995 -0.000000 0.000000 -0.039911 -0.253101 0.086949
 38 0.794783 -0.000000 -0.000000 -1.042950 1.141227 -1.966856
 39 5.566999 5.667288 -3.006967 0.000000 0.000000 0.000000
 40 0.000000 0.000000 0.000000 -1.289621 0.241767 -0.722622
 41 8.403362 0.000000 -0.000002 -0.000000 1.726262 -0.000000
 42 8.136636 -0.000007 0.000004 2.548843 0.066204 -0.423081
 43 1.369793 -0.361443 1.237272 -1.127491 0.097656 -0.579344
 44 1.320668 0.000002 -0.000001 -0.218662 -0.109509 0.185068
 45 1.066023 -0.000000 0.000000 -0.025949 -0.111735 0.158666
 46 3.289558 0.311001 -0.505976 -1.569928 0.064069 -0.677339
 47 1.262953 0.000000 -0.000001 -0.592079 1.417311 -0.637208
 48 0.919429 0.000003 -0.000000 0.132824 1.180916 0.124669
 49 3.167420 0.097637 -1.197364 -1.577201 0.079890 -0.593938
 50 0.817882 0.000000 -0.000001 -0.164298 1.212571 -0.146164
 51 0.708995 0.000002 -0.000000 0.062061 0.898421 -0.028374
 52 3.414728 0.449902 0.223654 -1.580784 0.013019 -0.654459
 53 1.390922 0.000002 -0.000001 0.005510 1.543565 0.018246
 54 0.906347 0.000000 0.000001 -0.006062 0.824979 -0.045570
 55 2.457049 0.024849 0.014095 0.000073 -0.005736 0.010114
 56 3.525410 0.419243 0.945132 -1.571888 -0.021860 -0.078400
 57 1.209881 -0.000002 -0.000001 -0.003943 0.519687 0.018610
 58 0.743920 -0.000000 -0.000000 0.001656 0.537959 0.092843
 59 8.136638 0.000001 -0.000001 1.570797 -0.032533 -0.000000
 60 -3.023261 -11.159082 -5.006590 1.364785 -2.314537 -1.390347
 61 0.008386 -0.048311 -0.069476 0.000000 0.000000 -0.000000
time 27
  0 -3.882717 -11.799541 -1.657869 -0.456252 -0.627790 -0.375917
  1 0.250197 -2.184760 -0.099873 0.000000 0.000000 0.000000
  2 0.337618 6.898123 0.877139 0.000000 0.000000 0.000000
  3 0.249743 5.375677 -0.431248 0.000000 0.000000 0.000000
  4 -2.477793 12.401386 4.136673 0.000000 0.000000 0.000000
  5 0.241867 9.046294 0.896507 0.000000 0.000000 0.000000
  6 0.000303 8.159075 -1.557892 0.000000 0.000000 0.000000
  7 0.246663 7.851890 -0.926847 0.000000 0.000000 0.000000
  8 -2.477793 12.401386 4.136673 0.000000 0.000000 0.000000
  9 -0.000000 0.000000 0.000000 0.000000 0.000000 0.000000
 10 0.000000 -15.653315 -6.600977 0.000000 0.000000 0.000000
 11 5.120575 -4.640193 -6.795751 -0.358021 -0.719388 -0.629838
 12 -0.000000 -0.000000 -0.000000 0.000000 0.000000 0.000000
 13 -2.636130 0.330815 -2.304476 0.000000 -1.226559 0.000000
 14 -0.000000 0.000000 -0.000000 -1.564776 -3.134713 0.679682
 15 8.403361 -0.000000 -0.000001 -0.000000 1.465601 0.000000
 16 8.136638 -0.000000 0.000000 -1.570796 -0.032553 -0.000000
 17 8.136637 0.000008 0.000005 -1.130946 0.203278 0.329666
 18 1.369795 0.361443 1.237272 1.175075 -0.347333 0.479992
 19 1.320668 -0.000000 -0.000000 0.201328 -0.139079 -0.045485
 20 1.066025 0.000000 -0.000000 -0.014471 -0.113783 0.196807
 21 1.039344 -0.000002 0.000000 1.325744 0.991426 2.013611
 22 2.457049 -0.024848 0.014094 -0.000072 -0.005736 -0.010113
 23 3.525410 -0.419243 0.945132 1.648473 0.052800 0.007770
 24 1.209883 -0.000000 0.000000 0.003943 0.285298 -0.018611
 25 0.743917 0.000000 -0.000001 -0.001656 1.148181 -0.092843
 26 0.794889 0.000000 0.000000 -0.000005 0.704556 -0.000608
 27 3.414728 -0.449901 0.223652 1.693617 0.046763 0.558369
 28 1.390921 -0.000000 0.000001 -0.004769 1.284870 -0.018048
 29 0.906345 0.000001 0.000000 0.006062 -0.433839 0.045570
 30 0.776324 0.000000 -0.000000 0.001079 0.866577 0.033798
 31 3.289557 -0.311000 -0.505976 1.762164 0.112217 0.757107
 32 1.262953 -0.000001 -0.000000 0.410302 1.354679 0.453063
 33 0.919429 0.000000 -0.000000 -0.052499 -0.297525 0.013980
 34 0.803004 -0.000001 -0.000001 -0.163064 1.145489 -1.117549
 35 3.167419 -0.097637 -1.197365 1.832995 -0.038354 1.129403
 36 0.817884 -0.000001 -0.000000 0.142196 1.147469 0.122418
 37 0.708995 0.000000 0.000000 -0.039911 -0.253101 0.086949
 38 0.794783 -0.000001 -0.000000 -1.042950 1.141227 -1.966856
 39 5.566999 5.667288 -3.006967 0.000000 0.000000 0.000000
 40 0.000000 0.000000 0.000000 -1.307092 0.235846 -0.756679
 41 8.403363 -0.000000 -0.000001 -0.000000 1.688234 -0.000000
 42 8.136635 -0.000008 0.000003 2.582629 0.087003 -0.449685
 43 1.369793 -0.361443 1.237272 -1.127491 0.097656 -0.579344
 44 1.320668 0.000001 -0.000001 -0.218662 -0.109509 0.185068
 45 1.066023 -0.000000 -0.000000 -0.025949 -0.111735 0.158666
 46 3.289558 0.311001 -0.505976 -1.569928 0.064069 -0.677339
 47 1.262953 -0.000001 -0.000001 -0.592079 1.417311 -0.637209
 48 0.919429 0.000002 -0.000000 0.132824 1.180916 0.124669
 49 3.167420 0.097637 -1.197364 -1.577201 0.079890 -0.593938
 50 0.817882 -0.000000 -0.000001 -0.164298 1.212571 -0.146163
 51 0.708995 0.000002 0.000000 0.062061 0.898421 -0.028374
 52 3.414728 0.449902 0.223654 -1.580784 0.013019 -0.654459
 53 1.390922 0.000002 -0.000001 0.005511 1.543565 0.018247
 54 0.906348 0.000000 0.000001 -0.006062 0.824979 -0.045570
 55 2.457048 0.024849 0.014095 0.000073 -0.005736 0.010114
 56 3.525410 0.419243 0.945133 -1.571888 -0.021860 -0.078400
 57 1.209881 -0.000002 -0.000001 -0.003943 0.519687 0.018610
 58 0.743920 0.000000 -0.000000 0.001656 0.537959 0.092843
 59 8.136637 0.000000 -0.000001 1.570797 -0.032533 -0.000000
 60 -3.519447 -11.756376 -4.306641 1.373447 -2.380415 -1.396217
 61 0.008386 -0.048312 -0.069476 -0.000000 0.000000 -0.000001
time 28
  0 -4.022020 -11.766825 -1.223571 -0.516269 -0.653510 -0.331919
  1 0.250198 -3.311033 -0.099874 0.000000 0.000000 0.000000
  2 0.337618 5.619461 0.877138 0.000000 0.000000 0.000000
  3 0.249743 5.375676 -0.431249 0.000000 0.000000 0.000000
  4 -2.477793 12.401384 4.136672 0.000000 0.000000 0.000000
  5 0.241867 9.046293 0.896507 0.000000 0.000000 0.000000
  6 0.000303 8.159074 -1.557893 0.000000 0.000000 0.000000
  7 0.246663 7.851889 -0.926848 0.000000 0.000000 0.000000
  8 -2.477793 12.401384 4.136672 0.000000 0.000000 0.000000
  9 -0.000000 0.000000 0.000000 0.000000 0.000000 0.000000
 10 0.000000 -15.653315 -6.600977 0.000000 0.000000 0.000000
 11 4.963454 -4.820721 -6.675747 -0.412250 -0.756360 -0.585231
 12 -0.000000 -0.000000 0.000000 0.000000 0.000000 0.000000
 13 -2.636130 0.330815 -2.304476 0.000000 -1.226559 0.000000
 14 -0.000000 0.000000 -0.000000 -1.519866 -3.072980 0.813835
 15 8.403362 -0.000001 -0.000001 0.000000 1.299673 0.000000
 16 8.136638 -0.000000 -0.000000 -1.570796 -0.032553 0.000000
 17 8.136637 0.000008 0.000005 -1.055466 0.266849 0.301984
 18 1.369795 0.361443 1.237272 1.175075 -0.347333 0.479992
 19 1.320668 -0.000000 -0.000000 0.201328 -0.139079 -0.045485
 20 1.066025 -0.000000 0.000000 -0.014471 -0.113783 0.196807
 21 1.039344 -0.000001 -0.000000 1.325745 0.991426 2.013611
 22 2.457049 -0.024849 0.014095 -0.000072 -0.005736 -0.010113
 23 3.525410 -0.419243 0.945132 1.648473 0.052800 0.007770
 24 1.209882 -0.000001 -0.000000 0.003943 0.285298 -0.018611
 25 0.743918 0.000000 0.000000 -0.001656 1.148181 -0.092843
 26 0.794890 -0.000000 -0.000000 -0.000005 0.704556 -0.000608
 27 3.414728 -0.449902 0.223652 1.693617 0.046763 0.558369
 28 1.390921 -0.000000 0.000000 -0.004769 1.284870 -0.018048
 29 0.906346 0.000001 0.000000 0.006062 -0.433839 0.045570
 30 0.776325 0.000000 -0.000000 0.001079 0.866577 0.033798
 31 3.289557 -0.311002 -0.505976 1.762164 0.112217 0.757107
 32 1.262953 -0.000000 0.000000 0.410302 1.354679 0.453063
 33 0.919430 0.000000 -0.000000 -0.052499 -0.297525 0.013980
 34 0.803003 0.000000 -0.000001 -0.163064 1.145489 -1.117549
 35 3.167419 -0.097638 -1.197365 1.832995 -0.038354 1.129404
 36 0.817884 -0.000000 0.000000 0.142196 1.147469 0.122418
 37 0.708995 0.000000 0.000000 -0.039911 -0.253101 0.086949
 38 0.794783 -0.000000 -0.000000 -1.042950 1.141227 -1.966856
 39 5.566999 5.667288 -3.006967 0.000000 0.000000 0.000000
 40 0.000000 0.000000 0.000000 -1.321868 0.228047 -0.784387
 41 8.403362 0.000000 -0.000002 0.000000 1.665951 0.000000
 42 8.136636 -0.000008 0.000005 2.615156 0.088674 -0.469958
 43 1.369793 -0.361442 1.237272 -1.127491 0.097656 -0.579344
 44 1.320668 0.000002 -0.000000 -0.218662 -0.109509 0.185068
 45 1.066023 0.000000 -0.000000 -0.025949 -0.111735 0.158666
 46 3.289558 0.311002 -0.505976 -1.569928 0.064069 -0.677339
 47 1.262952 -0.000000 -0.000001 -0.592079 1.417311 -0.637209
 48 0.919429 0.000001 -0.000000 0.132824 1.180916 0.124669
 49 3.167420 0.097638 -1.197364 -1.577201 0.079890 -0.593938
 50 0.817882 0.000000 -0.000001 -0.164298 1.212571 -0.146164
 51 0.708995 0.000002 -0.000000 0.062060 0.898421 -0.028374
 52 3.414728 0.449902 0.223654 -1.580784 0.013019 -0.654459
 53 1.390922 0.000002 -0.000001 0.005509 1.543565 0.018245
 54 0.906347 0.000000 0.000001 -0.006062 0.824979 -0.045570
 55 2.457049 0.024850 0.014095 0.000072 -0.005736 0.010114
 56 3.525410 0.419244 0.945132 -1.571888 -0.021860 -0.078400
 57 1.209881 -0.000003 -0.000000 -0.003943 0.519687 0.018610
 58 0.743920 0.000000 -0.000000 0.001656 0.537959 0.092843
 59 8.136638 -0.000000 0.000000 1.570797 -0.032533 -0.000000
 60 -4.277570 -12.679579 -3.426696 1.376442 -2.434923 -1.390108
 61 0.008386 -0.048311 -0.069476 0.000000 0.000000 -0.000000
time 29
  0 -4.080438 -11.753105 -1.041446 -0.541437 -0.664296 -0.293571
  1 0.250197 -3.917489 -0.099874 0.000000 0.000000 0.000000
  2 0.337618 4.930950 0.877138 0.000000 0.000000 0.000000
  3 0.249743 5.375676 -0.431249 0.000000 0.000000 0.000000
  4 -2.477793 12.401383 4.136672 0.000000 0.000000 0.000000
  5 0.241867 9.046292 0.896507 0.000000 0.000000 0.000000
  6 0.000303 8.159074 -1.557893 0.000000 0.000000 0.000000
  7 0.246663 7.851889 -0.926848 0.000000 0.000000 0.000000
  8 -2.477793 12.401383 4.136672 0.000000 0.000000 0.000000
  9 -0.000000 -0.000000 0.000000 0.000000 0.000000 0.000000
 10 0.000000 -15.653315 -6.600977 0.000000 0.000000 0.000000
 11 4.767583 -4.725123 -6.612204 -0.435193 -0.771785 -0.546419
 12 0.000000 -0.000000 -0.000000 0.000000 0.000000 0.000000
 13 -2.636130 0.330815 -2.304476 0.000000 -1.226559 0.000000
 14 -0.000000 0.000000 -0.000000 -1.504823 -3.043008 0.888114
 15 8.403362 0.000000 -0.000001 0.000000 1.197857 0.000000
 16 8.136638 0.000000 0.000000 -1.570796 -0.032553 0.000000
 17 8.136637 0.000008 0.000006 -1.008644 0.310244 0.278744
 18 1.369794 0.361444 1.237272 1.175075 -0.347333 0.479992
 19 1.320668 -0.000000 -0.000000 0.201328 -0.139079 -0.045485
 20 1.066025 0.000000 -0.000000 -0.014471 -0.113783 0.196807
 21 1.039343 -0.000001 0.000000 1.325745 0.991426 2.013611
 22 2.457048 -0.024848 0.014095 -0.000072 -0.005736 -0.010113
 23 3.525409 -0.419242 0.945132 1.648473 0.052800 0.007770
 24 1.209883 -0.000000 -0.000001 0.003943 0.285298 -0.018611
 25 0.743918 0.000001 -0.000000 -0.001656 1.148181 -0.092843
 26 0.794889 0.000000 0.000001 -0.000005 0.704556 -0.000608
 27 3.414728 -0.449902 0.223653 1.693617 0.046763 0.558369
 28 1.390921 -0.000001 0.000001 -0.004769 1.284870 -0.018048
 29 0.906346 -0.000000 0.000000 0.006062 -0.433839 0.045570
 30 0.776325 -0.000001 -0.000001 0.001079 0.866577 0.033798
 31 3.289557 -0.311001 -0.505976 1.762164 0.112217 0.757107
 32 1.262953 -0.000000 0.000000 0.410302 1.354679 0.453063
 33 0.919429 0.000001 -0.000000 -0.052499 -0.297525 0.013980
 34 0.803003 -0.000000 -0.000001 -0.163064 1.145489 -1.117549
 35 3.167418 -0.097637 -1.197365 1.832995 -0.038354 1.129403
 36 0.817884 -0.000000 0.000000 0.142196 1.147469 0.122418
 37 0.708994 0.000000 0.000000 -0.039911 -0.253101 0.086949
 38 0.794783 -0.000000 -0.000000 -1.042950 1.141227 -1.966856
 39 5.566999 5.667288 -3.006967 0.000000 0.000000 0.000000
 40 0.000000 0.000000 0.000000 -1.322432 0.224166 -0.796476
 41 8.403362 0.000000 -0.000002 -0.000000 1.682040 -0.000000
 42 8.136635 -0.000007 0.000004 2.645980 0.048224 -0.486739
 43 1.369793 -0.361442 1.237272 -1.127491 0.097656 -0.579344
 44 1.320668 0.000002 -0.000001 -0.218662 -0.109509 0.185068
 45 1.066023 -0.000000 0.000000 -0.025949 -0.111735 0.158666
 46 3.289558 0.311001 -0.505976 -1.569928 0.064069 -0.677339
 47 1.262953 -0.000000 -0.000001 -0.592079 1.417311 -0.637209
 48 0.919429 0.000002 -0.000000 0.132824 1.180916 0.124669
 49 3.167420 0.097637 -1.197364 -1.577201 0.079890 -0.593938
 50 0.817882 0.000000 -0.000001 -0.164298 1.212571 -0.146163
 51 0.708995 0.000002 0.000000 0.062061 0.898421 -0.028374
 52 3.414728 0.449902 0.223654 -1.580784 0.013019 -0.654459
 53 1.390922 0.000002 -0.000001 0.005510 1.543565 0.018246
 54 0.906347 -0.000000 0.000001 -0.006062 0.824979 -0.045570
 55 2.457049 0.024849 0.014095 0.000073 -0.005736 0.010114
 56 3.525410 0.419243 0.945132 -1.571888 -0.021860 -0.078400
 57 1.209882 -0.000002 -0.000000 -0.003943 0.519687 0.018610
 58 0.743920 -0.000000 -0.000000 0.001656 0.537959 0.092843
 59 8.136638 0.000000 -0.000000 1.570797 -0.032533 -0.000000
 60 -4.640182 -13.161898 -2.978563 1.376683 -2.457557 -1.367325
 61 0.008386 -0.048312 -0.069476 0.000000 0.000000 -0.000000
time 30
  0 -3.799659 -11.776586 -1.130920 -0.487719 -0.618048 -0.261928
  1 0.250197 -3.917488 -0.099874 0.000000 0.000000 0.000000
  2 0.337618 4.930951 0.877138 0.000000 0.000000 0.000000
  3 0.249743 5.375677 -0.431249 0.000000 0.000000 0.000000
  4 -2.477793 12.401385 4.136672 0.000000 0.000000 0.000000
  5 0.241867 9.046294 0.896507 0.000000 0.000000 0.000000
  6 0.000303 8.159074 -1.557893 0.000000 0.000000 0.000000
  7 0.246663 7.851890 -0.926848 0.000000 0.000000 0.000000
  8 -2.477793 12.401385 4.136672 0.000000 0.000000 0.000000
  9 -0.000000 -0.000000 -0.000000 0.000000 0.000000 0.000000
 10 0.000000 -15.653315 -6.600977 0.000000 0.000000 0.000000
 11 4.393003 -3.906786 -6.577011 -0.394101 -0.716306 -0.510475
 12 0.000000 0.000000 -0.000000 0.000000 0.000000 0.000000
 13 -2.636130 0.330815 -2.304476 0.000000 -1.226559 0.000000
 14 -0.000000 0.000000 -0.000000 -1.517817 -3.063720 0.877939
 15 8.403363 -0.000000 -0.000000 -0.000000 1.214926 0.000000
 16 8.136638 -0.000000 -0.000001 -1.570796 -0.032553 0.000000
 17 8.136637 0.000008 0.000005 -1.021986 0.281768 0.209159
 18 1.369794 0.361444 1.237272 1.175075 -0.347333 0.479992
 19 1.320667 -0.000000 -0.000000 0.201328 -0.139079 -0.045485
 20 1.066025 0.000000 -0.000001 -0.014471 -0.113783 0.196807
 21 1.039343 -0.000001 -0.000000 1.325744 0.991426 2.013611
 22 2.457049 -0.024848 0.014094 -0.000072 -0.005736 -0.010113
 23 3.525409 -0.419242 0.945132 1.648473 0.052800 0.007770
 24 1.209883 -0.000000 0.000000 0.003943 0.285298 -0.018611
 25 0.743917 0.000001 -0.000000 -0.001656 1.148181 -0.092843
 26 0.794889 0.000000 0.000001 -0.000005 0.704556 -0.000608
 27 3.414727 -0.449901 0.223652 1.693617 0.046763 0.558369
 28 1.390921 -0.000001 0.000000 -0.004769 1.284870 -0.018048
 29 0.906345 0.000000 0.000000 0.006062 -0.433839 0.045570
 30 0.776324 0.000000 0.000001 0.001079 0.866577 0.033798
 31 3.289557 -0.311000 -0.505976 1.762164 0.112217 0.757107
 32 1.262952 -0.000001 -0.000001 0.410302 1.354679 0.453063
 33 0.919429 -0.000000 0.000000 -0.052499 -0.297525 0.013980
 34 0.803004 -0.000000 -0.000001 -0.163064 1.145489 -1.117549
 35 3.167418 -0.097637 -1.197365 1.832995 -0.038354 1.129403
 36 0.817884 -0.000000 -0.000001 0.142196 1.147469 0.122418
 37 0.708995 0.000000 0.000000 -0.039911 -0.253101 0.086949
 38 0.794784 -0.000000 -0.000000 -1.042950 1.141227 -1.966856
 39 5.566999 5.667288 -3.006967 0.000000 0.000000 0.000000
 40 0.000000 0.000000 0.000000 -1.293082 0.223211 -0.782251
 41 8.403362 0.000000 -0.000001 -0.000000 1.799070 -0.000000
 42 8.136636 -0.000007 0.000004 2.659237 -0.116592 -0.525175
 43 1.369793 -0.361442 1.237272 -1.127491 0.097656 -0.579344
 44 1.320668 0.000002 -0.000001 -0.218662 -0.109509 0.185068
 45 1.066023 0.000000 0.000000 -0.025949 -0.111735 0.158666
 46 3.289558 0.311001 -0.505976 -1.569928 0.064069 -0.677339
 47 1.262952 -0.000000 -0.000001 -0.592079 1.417311 -0.637209
 48 0.919429 0.000002 -0.000000 0.132824 1.180916 0.124669
 49 3.167420 0.097638 -1.197364 -1.577201 0.079890 -0.593938
 50 0.817882 0.000000 -0.000001 -0.164298 1.212571 -0.146163
 51 0.708995 0.000002 0.000000 0.062061 0.898421 -0.028374
 52 3.414728 0.449902 0.223654 -1.580784 0.013019 -0.654459
 53 1.390922 0.000002 -0.000001 0.005511 1.543565 0.018247
 54 0.906348 0.000001 0.000001 -0.006062 0.824979 -0.045570
 55 2.457049 0.024849 0.014095 0.000073 -0.005736 0.010114
 56 3.525409 0.419244 0.945132 -1.571888 -0.021860 -0.078400
 57 1.209881 -0.000002 -0.000000 -0.003943 0.519687 0.018610
 58 0.743920 0.000000 -0.000000 0.001656 0.537959 0.092843
 59 8.136638 0.000000 -0.000001 1.570797 -0.032533 -0.000000
 60 -4.336026 -13.113978 -3.124441 1.402694 -2.397515 -1.320581
 61 0.008386 -0.048311 -0.069476 0.000000 -0.000000 -0.000000
time 31
  0 -3.059423 -11.838490 -1.366808 -0.362771 -0.507998 -0.231293
  1 0.250198 -3.917489 -0.099874 0.000000 0.000000 0.000000
  2 0.337618 4.930951 0.877139 0.000000 0.000000 0.000000
  3 0.249743 5.375676 -0.431249 0.000000 0.000000 0.000000
  4 -2.477793 12.401384 4.136673 0.000000 0.000000 0.000000
  5 0.241867 9.046293 0.896507 0.000000 0.000000 0.000000
  6 0.000303 8.159074 -1.557892 0.000000 0.000000 0.000000
  7 0.246663 7.851890 -0.926848 0.000000 0.000000 0.000000
  8 -2.477793 12.401384 4.136673 0.000000 0.000000 0.000000
  9 0.000000 0.000000 0.000000 0.000000 0.000000 0.000000
 10 0.000000 -15.653315 -6.600977 0.000000 0.000000 0.000000
 11 3.875575 -2.556629 -6.313141 -0.298670 -0.584015 -0.470906
 12 0.000000 0.000000 -0.000000 0.000000 0.000000 0.000000
 13 -2.636130 0.330815 -2.304476 0.000000 -1.226559 0.000000
 14 -0.000000 0.000000 -0.000000 -1.549333 -3.111255 0.851803
 15 8.403362 -0.000000 -0.000001 -0.000000 1.254466 -0.000000
 16 8.136638 -0.000000 0.000000 -1.570796 -0.032553 0.000000
 17 8.136637 0.000008 0.000006 -1.075599 0.194184 0.081940
 18 1.369794 0.361444 1.237272 1.175074 -0.347333 0.479992
 19 1.320668 -0.000000 -0.000000 0.201328 -0.139079 -0.045485
 20 1.066025 0.000000 -0.000001 -0.014471 -0.113783 0.196807
 21 1.039343 -0.000001 -0.000000 1.325744 0.991426 2.013611
 22 2.457048 -0.024848 0.014094 -0.000072 -0.005736 -0.010113
 23 3.525410 -0.419243 0.945132 1.648473 0.052800 0.007770
 24 1.209883 -0.000001 0.000000 0.003943 0.285298 -0.018611
 25 0.743917 0.000001 -0.000000 -0.001656 1.148181 -0.092843
 26 0.794889 -0.000000 0.000000 -0.000005 0.704556 -0.000608
 27 3.414727 -0.449902 0.223652 1.693617 0.046763 0.558369
 28 1.390922 -0.000000 0.000001 -0.004769 1.284870 -0.018048
 29 0.906346 0.000000 -0.000000 0.006062 -0.433839 0.045570
 30 0.776325 -0.000000 0.000000 0.001079 0.866577 0.033798
 31 3.289557 -0.311001 -0.505976 1.762164 0.112217 0.757107
 32 1.262953 -0.000000 0.000000 0.410302 1.354679 0.453063
 33 0.919429 0.000001 0.000000 -0.052499 -0.297525 0.013980
 34 0.803003 -0.000001 -0.000001 -0.163064 1.145489 -1.117549
 35 3.167418 -0.097637 -1.197365 1.832995 -0.038354 1.129403
 36 0.817883 0.000001 0.000000 0.142196 1.147469 0.122418
 37 0.708995 -0.000000 0.000000 -0.039911 -0.253101 0.086949
 38 0.794784 -0.000000 -0.000001 -1.042950 1.141227 -1.966856
 39 5.566999 5.667288 -3.006967 0.000000 0.000000 0.000000
 40 0.000000 0.000000 0.000000 -1.256967 0.209000 -0.771644
 41 8.403363 0.000000 -0.000001 -0.000000 1.987135 -0.000000
 42 8.136636 -0.000007 0.000003 2.638813 -0.398893 -0.597163
 43 1.369793 -0.361442 1.237272 -1.127491 0.097656 -0.579344
 44 1.320668 0.000002 -0.000001 -0.218662 -0.109509 0.185068
 45 1.066023 0.000000 -0.000000 -0.025949 -0.111735 0.158666
 46 3.289558 0.311002 -0.505976 -1.569928 0.064069 -0.677339
 47 1.262953 -0.000000 -0.000001 -0.592079 1.417311 -0.637209
 48 0.919429 0.000002 -0.000001 0.132824 1.180916 0.124669
 49 3.167420 0.097638 -1.197364 -1.577201 0.079890 -0.593938
 50 0.817882 -0.000000 -0.000001 -0.164298 1.212571 -0.146164
 51 0.708995 0.000002 0.000000 0.062061 0.898421 -0.028374
 52 3.414728 0.449902 0.223654 -1.580784 0.013019 -0.654459
 53 1.390922 0.000002 -0.000001 0.005511 1.543565 0.018247
 54 0.906348 0.000000 0.000001 -0.006062 0.824979 -0.045570
 55 2.457048 0.024850 0.014096 0.000073 -0.005736 0.010114
 56 3.525410 0.419244 0.945132 -1.571888 -0.021860 -0.078400
 57 1.209882 -0.000002 -0.000000 -0.003943 0.519687 0.018610
 58 0.743919 -0.000000 0.000000 0.001656 0.537959 0.092843
 59 8.136638 0.000000 -0.000002 1.570797 -0.032533 -0.000000
 60 -3.641759 -12.964417 -3.474795 1.464641 -2.251006 -1.268400
 61 0.008386 -0.048311 -0.069476 -0.000000 0.000000 -0.000000
time 32
  0 -2.012884 -11.926010 -1.700304 -0.220904 -0.377189 -0.199686
  1 0.250197 -3.917488 -0.099873 0.000000 0.000000 0.000000
  2 0.337618 4.930952 0.877139 0.000000 0.000000 0.000000
  3 0.249743 5.375677 -0.431249 0.000000 0.000000 0.000000
  4 -2.477793 12.401385 4.136672 0.000000 0.000000 0.000000
  5 0.241868 9.046294 0.896507 0.000000 0.000000 0.000000
  6 0.000303 8.159075 -1.557892 0.000000 0.000000 0.000000
  7 0.246664 7.851890 -0.926847 0.000000 0.000000 0.000000
  8 -2.477793 12.401385 4.136672 0.000000 0.000000 0.000000
  9 0.000000 0.000000 -0.000000 0.000000 0.000000 0.000000
 10 0.000000 -15.653315 -6.600977 0.000000 0.000000 0.000000
 11 3.551250 -1.373333 -5.749351 -0.190995 -0.426970 -0.430666
 12 -0.000000 -0.000000 -0.000000 0.000000 0.000000 0.000000
 13 -2.636130 0.330815 -2.304476 0.000000 -1.226559 0.000000
 14 -0.000000 0.000000 -0.000000 1.547484 0.031765 -2.315634
 15 8.403362 0.000000 -0.000001 0.000000 1.290080 0.000000
 16 8.136638 -0.000000 -0.000000 -1.570796 -0.032553 -0.000000
 17 8.136637 0.000008 0.000006 -1.139393 0.072613 -0.036127
 18 1.369795 0.361443 1.237272 1.175074 -0.347333 0.479992
 19 1.320668 -0.000000 0.000000 0.201328 -0.139079 -0.045485
 20 1.066025 0.000000 -0.000000 -0.014471 -0.113783 0.196807
 21 1.039343 -0.000002 0.000001 1.325744 0.991426 2.013611
 22 2.457049 -0.024849 0.014095 -0.000072 -0.005736 -0.010113
 23 3.525410 -0.419244 0.945132 1.648473 0.052800 0.007770
 24 1.209884 0.000000 0.000001 0.003943 0.285298 -0.018611
 25 0.743917 0.000001 0.000001 -0.001656 1.148181 -0.092843
 26 0.794889 -0.000000 0.000001 -0.000005 0.704556 -0.000608
 27 3.414728 -0.449902 0.223652 1.693617 0.046763 0.558369
 28 1.390921 -0.000001 -0.000000 -0.004769 1.284870 -0.018048
 29 0.906346 0.000000 -0.000000 0.006062 -0.433838 0.045570
 30 0.776325 0.000000 0.000000 0.001079 0.866577 0.033798
 31 3.289557 -0.311002 -0.505976 1.762164 0.112217 0.757107
 32 1.262953 -0.000000 -0.000001 0.410301 1.354679 0.453063
 33 0.919429 -0.000000 -0.000000 -0.052499 -0.297525 0.013980
 34 0.803004 -0.000001 -0.000001 -0.163064 1.145489 -1.117549
 35 3.167419 -0.097638 -1.197365 1.832995 -0.038354 1.129404
 36 0.817884 0.000000 0.000001 0.142196 1.147469 0.122418
 37 0.708995 -0.000000 0.000000 -0.039911 -0.253101 0.086949
 38 0.794783 -0.000000 -0.000000 -1.042950 1.141227 -1.966856
 39 5.566999 5.667288 -3.006967 0.000000 0.000000 0.000000
 40 0.000000 0.000000 0.000000 -1.256980 0.175848 -0.773240
 41 8.403363 0.000000 -0.000001 0.000000 2.157145 0.000000
 42 8.136637 -0.000008 0.000003 2.572635 -0.685619 -0.656518
 43 1.369793 -0.361443 1.237272 -1.127491 0.097656 -0.579344
 44 1.320668 0.000001 -0.000001 -0.218662 -0.109509 0.185068
 45 1.066023 -0.000000 0.000000 -0.025949 -0.111735 0.158666
 46 3.289558 0.311001 -0.505976 -1.569928 0.064069 -0.677339
 47 1.262953 0.000000 -0.000001 -0.592079 1.417311 -0.637209
 48 0.919429 0.000002 -0.000000 0.132824 1.180916 0.124669
 49 3.167420 0.097637 -1.197364 -1.577201 0.079890 -0.593938
 50 0.817882 0.000000 -0.000001 -0.164298 1.212571 -0.146164
 51 0.708995 0.000002 0.000000 0.062061 0.898421 -0.028374
 52 3.414728 0.449902 0.223654 -1.580784 0.013019 -0.654459
 53 1.390922 0.000002 -0.000001 0.005509 1.543565 0.018245
 54 0.906347 -0.000000 0.000001 -0.006062 0.824979 -0.045570
 55 2.457048 0.024849 0.014095 0.000073 -0.005736 0.010114
 56 3.525410 0.419243 0.945132 -1.571888 -0.021860 -0.078400
 57 1.209881 -0.000002 -0.000001 -0.003943 0.519687 0.018610
 58 0.743920 0.000000 -0.000000 0.001656 0.537959 0.092843
 59 8.136639 -0.000000 -0.000002 1.570797 -0.032533 -0.000000
 60 -2.719746 -12.780683 -3.895826 1.550793 -2.074262 -1.247613
 61 0.008385 -0.048311 -0.069476 -0.000000 -0.000000 -0.000000
time 33
  0 -0.813193 -12.026338 -2.082605 -0.116426 -0.268663 -0.165126
  1 0.250197 -3.917488 -0.099873 0.000000 0.000000 0.000000
  2 0.337618 4.930951 0.877138 0.000000 0.000000 0.000000
  3 0.249743 5.375676 -0.431249 0.000000 0.000000 0.000000
  4 -2.477793 12.401384 4.136672 0.000000 0.000000 0.000000
  5 0.241867 9.046293 0.896507 0.000000 0.000000 0.000000
  6 0.000303 8.159075 -1.557892 0.000000 0.000000 0.000000
  7 0.246663 7.851890 -0.926848 0.000000 0.000000 0.000000
  8 -2.477793 12.401384 4.136672 0.000000 0.000000 0.000000
  9 0.000000 -0.000000 0.000000 0.000000 0.000000 0.000000
 10 0.000000 -15.653315 -6.600977 0.000000 0.000000 0.000000
 11 3.686677 -0.706100 -5.294573 -0.113985 -0.298877 -0.390283
 12 0.000000 -0.000000 -0.000000 0.000000 0.000000 0.000000
 13 -2.636130 0.330815 -2.304476 0.000000 -1.226559 0.000000
 14 -0.000000 0.000000 -0.000000 1.496133 0.101130 -2.323134
 15 8.403362 0.000000 -0.000001 0.000000 1.292093 0.000000
 16 8.136638 -0.000000 -0.000001 -1.570796 -0.032553 -0.000000
 17 8.136638 0.000008 0.000005 -1.202097 -0.025155 -0.099297
 18 1.369795 0.361443 1.237272 1.175075 -0.347333 0.479992
 19 1.320668 -0.000001 -0.000000 0.201328 -0.139079 -0.045485
 20 1.066024 0.000000 -0.000000 -0.014471 -0.113783 0.196807
 21 1.039344 -0.000002 -0.000000 1.325744 0.991426 2.013611
 22 2.457050 -0.024849 0.014095 -0.000072 -0.005736 -0.010113
 23 3.525410 -0.419243 0.945131 1.648473 0.052800 0.007770
 24 1.209882 -0.000001 -0.000000 0.003943 0.285298 -0.018611
 25 0.743917 0.000000 0.000000 -0.001656 1.148181 -0.092843
 26 0.794890 -0.000000 -0.000001 -0.000005 0.704556 -0.000608
 27 3.414729 -0.449902 0.223652 1.693617 0.046763 0.558369
 28 1.390922 -0.000000 0.000000 -0.004769 1.284870 -0.018048
 29 0.906346 -0.000000 0.000000 0.006062 -0.433839 0.045570
 30 0.776325 0.000000 0.000001 0.001079 0.866577 0.033798
 31 3.289557 -0.311001 -0.505976 1.762164 0.112217 0.757107
 32 1.262953 -0.000001 0.000000 0.410302 1.354679 0.453063
 33 0.919429 0.000000 0.000000 -0.052499 -0.297525 0.013980
 34 0.803004 -0.000000 -0.000001 -0.163064 1.145489 -1.117549
 35 3.167420 -0.097637 -1.197365 1.832995 -0.038354 1.129404
 36 0.817884 -0.000001 -0.000000 0.142196 1.147469 0.122418
 37 0.708995 0.000000 0.000000 -0.039911 -0.253101 0.086949
 38 0.794783 -0.000001 -0.000000 -1.042950 1.141227 -1.966856
 39 5.566999 5.667288 -3.006967 0.000000 0.000000 0.000000
 40 0.000000 0.000000 0.000000 -1.273458 0.148916 -0.737805
 41 8.403362 -0.000000 -0.000001 0.000000 2.263743 0.000000
 42 8.136636 -0.000008 0.000003 2.470898 -0.854732 -0.661471
 43 1.369793 -0.361442 1.237273 -1.127491 0.097656 -0.579344
 44 1.320668 0.000002 -0.000001 -0.218662 -0.109509 0.185068
 45 1.066023 -0.000000 0.000000 -0.025949 -0.111735 0.158666
 46 3.289559 0.311001 -0.505976 -1.569928 0.064069 -0.677339
 47 1.262953 -0.000000 -0.000001 -0.592079 1.417311 -0.637209
 48 0.919429 0.000002 -0.000000 0.132824 1.180916 0.124669
 49 3.167420 0.097637 -1.197363 -1.577201 0.079890 -0.593938
 50 0.817882 0.000000 -0.000001 -0.164298 1.212571 -0.146163
 51 0.708995 0.000002 0.000000 0.062061 0.898421 -0.028374
 52 3.414728 0.449902 0.223654 -1.580784 0.013019 -0.654459
 53 1.390922 0.000002 -0.000001 0.005510 1.543565 0.018246
 54 0.906348 -0.000000 0.000001 -0.006062 0.824979 -0.045570
 55 2.457049 0.024849 0.014096 0.000073 -0.005736 0.010114
 56 3.525410 0.419243 0.945133 -1.571888 -0.021860 -0.078400
 57 1.209881 -0.000002 -0.000000 -0.003943 0.519687 0.018610
 58 0.743920 -0.000000 -0.000000 0.001656 0.537959 0.092843
 59 8.136639 -0.000000 -0.000001 1.570797 -0.032533 -0.000000
 60 -1.665007 -12.674942 -4.297139 -1.472979 -1.205839 1.854606
 61 0.008385 -0.048311 -0.069476 0.000000 0.000000 -0.000000
time 34
  0 0.386498 -12.126664 -2.464906 -0.060165 -0.179976 -0.118684
  1 0.250198 -3.917489 -0.099874 0.000000 0.000000 0.000000
  2 0.337618 4.930951 0.877138 0.000000 0.000000 0.000000
  3 0.249743 5.375676 -0.431249 0.000000 0.000000 0.000000
  4 -2.477793 12.401384 4.136672 0.000000 0.000000 0.000000
  5 0.241867 9.046293 0.896507 0.000000 0.000000 0.000000
  6 0.000303 8.159075 -1.557893 0.000000 0.000000 0.000000
  7 0.246664 7.851890 -0.926848 0.000000 0.000000 0.000000
  8 -2.477793 12.401384 4.136672 0.000000 0.000000 0.000000
  9 -0.000000 0.000000 -0.000000 0.000000 0.000000 0.000000
 10 0.000000 -15.653315 -6.600977 0.000000 0.000000 0.000000
 11 3.966298 -0.368109 -5.228012 -0.079034 -0.200257 -0.339953
 12 0.000000 -0.000000 0.000000 0.000000 0.000000 0.000000
 13 -2.636130 0.330815 -2.304476 0.000000 -1.226559 0.000000
 14 -0.000000 0.000000 -0.000000 1.449253 0.169950 -2.309148
 15 8.403362 -0.000000 -0.000001 -0.000000 1.253541 -0.000000
 16 8.136638 -0.000000 -0.000001 -1.570796 -0.032553 0.000000
 17 8.136637 0.000008 0.000004 -1.269377 -0.072415 -0.132609
 18 1.369795 0.361443 1.237272 1.175075 -0.347333 0.479992
 19 1.320667 -0.000001 0.000000 0.201328 -0.139079 -0.045485
 20 1.066025 0.000000 0.000001 -0.014471 -0.113783 0.196807
 21 1.039343 -0.000001 -0.000001 1.325745 0.991426 2.013611
 22 2.457049 -0.024848 0.014095 -0.000072 -0.005736 -0.010113
 23 3.525410 -0.419242 0.945132 1.648473 0.052800 0.007770
 24 1.209883 -0.000001 -0.000001 0.003943 0.285298 -0.018611
 25 0.743917 0.000000 -0.000000 -0.001656 1.148181 -0.092843
 26 0.794889 -0.000000 -0.000001 -0.000005 0.704556 -0.000608
 27 3.414728 -0.449901 0.223652 1.693617 0.046763 0.558369
 28 1.390921 -0.000000 0.000000 -0.004769 1.284870 -0.018048
 29 0.906346 0.000001 0.000001 0.006062 -0.433839 0.045570
 30 0.776325 0.000000 -0.000000 0.001079 0.866577 0.033798
 31 3.289557 -0.311001 -0.505976 1.762164 0.112217 0.757107
 32 1.262953 -0.000000 0.000000 0.410302 1.354679 0.453063
 33 0.919430 0.000000 0.000000 -0.052499 -0.297525 0.013980
 34 0.803004 -0.000000 -0.000000 -0.163064 1.145489 -1.117549
 35 3.167419 -0.097637 -1.197365 1.832995 -0.038354 1.129403
 36 0.817884 -0.000001 0.000000 0.142196 1.147469 0.122418
 37 0.708995 0.000001 0.000000 -0.039911 -0.253101 0.086949
 38 0.794783 -0.000001 -0.000000 -1.042950 1.141227 -1.966856
 39 5.566999 5.667288 -3.006967 0.000000 0.000000 0.000000
 40 0.000000 0.000000 0.000000 -1.260667 0.145945 -0.685252
 41 8.403363 0.000000 -0.000001 0.000000 2.317657 0.000000
 42 8.136636 -0.000008 0.000003 2.414434 -0.919092 -0.697894
 43 1.369793 -0.361442 1.237273 -1.127491 0.097656 -0.579344
 44 1.320668 0.000002 -0.000001 -0.218662 -0.109509 0.185068
 45 1.066023 -0.000000 -0.000000 -0.025949 -0.111735 0.158666
 46 3.289558 0.311001 -0.505976 -1.569928 0.064069 -0.677339
 47 1.262953 -0.000000 -0.000001 -0.592079 1.417311 -0.637209
 48 0.919429 0.000002 -0.000000 0.132824 1.180916 0.124669
 49 3.167420 0.097637 -1.197364 -1.577201 0.079890 -0.593938
 50 0.817882 0.000000 -0.000001 -0.164298 1.212571 -0.146163
 51 0.708995 0.000002 0.000000 0.062061 0.898421 -0.028374
 52 3.414728 0.449902 0.223654 -1.580784 0.013019 -0.654459
 53 1.390922 0.000002 -0.000001 0.005510 1.543565 0.018246
 54 0.906348 0.000000 0.000001 -0.006062 0.824979 -0.045570
 55 2.457048 0.024849 0.014096 0.000073 -0.005736 0.010114
 56 3.525410 0.419243 0.945133 -1.571888 -0.021860 -0.078400
 57 1.209881 -0.000002 -0.000000 -0.003943 0.519687 0.018610
 58 0.743920 -0.000000 0.000000 0.001656 0.537959 0.092843
 59 8.136638 -0.000000 -0.000002 1.570797 -0.032533 -0.000000
 60 -0.605872 -12.682529 -4.645880 -1.272493 -1.288831 1.723263
 61 0.008386 -0.048311 -0.069476 0.000000 -0.000000 -0.000000
time 35
  0 1.433037 -12.214184 -2.798402 -0.024373 -0.092813 -0.064215
  1 0.250197 -3.917489 -0.099874 0.000000 0.000000 0.000000
  2 0.337618 4.930950 0.877138 0.000000 0.000000 0.000000
  3 0.249743 5.375676 -0.431248 0.000000 0.000000 0.000000
  4 -2.477793 12.401384 4.136672 0.000000 0.000000 0.000000
  5 0.241868 9.046293 0.896507 0.000000 0.000000 0.000000
  6 0.000303 8.159074 -1.557892 0.000000 0.000000 0.000000
  7 0.246663 7.851889 -0.926848 0.000000 0.000000 0.000000
  8 -2.477793 12.401384 4.136672 0.000000 0.000000 0.000000
  9 0.000000 0.000000 -0.000000 0.000000 0.000000 0.000000
 10 0.000000 -15.653315 -6.600977 0.000000 0.000000 0.000000
 11 4.085545 -0.156462 -5.306166 -0.063262 -0.107461 -0.283032
 12 0.000000 0.000000 0.000000 0.000000 0.000000 0.000000
 13 -2.636130 0.330815 -2.304476 0.000000 -1.226559 0.000000
 14 -0.000000 0.000000 -0.000000 1.415535 0.228176 -2.285148
 15 8.403362 -0.000000 -0.000001 0.000000 1.196953 0.000000
 16 8.136638 -0.000000 0.000000 -1.570796 -0.032553 -0.000000
 17 8.136637 0.000007 0.000006 -1.336502 -0.099483 -0.170206
 18 1.369794 0.361443 1.237272 1.175074 -0.347333 0.479992
 19 1.320667 -0.000000 -0.000000 0.201328 -0.139079 -0.045485
 20 1.066025 0.000000 0.000000 -0.014471 -0.113783 0.196807
 21 1.039344 -0.000001 0.000000 1.325745 0.991426 2.013611
 22 2.457048 -0.024849 0.014094 -0.000072 -0.005736 -0.010113
 23 3.525409 -0.419243 0.945131 1.648473 0.052800 0.007770
 24 1.209883 -0.000000 0.000001 0.003943 0.285298 -0.018611
 25 0.743917 -0.000000 0.000000 -0.001656 1.148181 -0.092843
 26 0.794889 0.000000 -0.000001 -0.000005 0.704556 -0.000608
 27 3.414728 -0.449902 0.223652 1.693617 0.046763 0.558369
 28 1.390921 -0.000001 0.000000 -0.004769 1.284870 -0.018048
 29 0.906346 -0.000000 0.000000 0.006062 -0.433839 0.045570
 30 0.776324 -0.000000 0.000001 0.001079 0.866577 0.033798
 31 3.289557 -0.311001 -0.505976 1.762164 0.112217 0.757107
 32 1.262953 -0.000001 0.000000 0.410302 1.354679 0.453063
 33 0.919429 0.000000 0.000000 -0.052499 -0.297525 0.013980
 34 0.803004 -0.000000 -0.000000 -0.163064 1.145489 -1.117549
 35 3.167419 -0.097638 -1.197365 1.832995 -0.038354 1.129403
 36 0.817884 0.000000 -0.000000 0.142196 1.147469 0.122418
 37 0.708995 0.000000 0.000000 -0.039911 -0.253101 0.086949
 38 0.794783 -0.000001 -0.000001 -1.042950 1.141227 -1.966856
 39 5.566999 5.667288 -3.006967 0.000000 0.000000 0.000000
 40 0.000000 0.000000 0.000000 -1.237168 0.151966 -0.660904
 41 8.403363 0.000000 -0.000002 -0.000000 2.343117 -0.000000
 42 8.136636 -0.000007 0.000002 2.403817 -0.963310 -0.786522
 43 1.369793 -0.361443 1.237272 -1.127491 0.097656 -0.579344
 44 1.320668 0.000002 -0.000001 -0.218662 -0.109509 0.185068
 45 1.066023 -0.000000 0.000000 -0.025949 -0.111735 0.158666
 46 3.289559 0.311001 -0.505976 -1.569928 0.064069 -0.677339
 47 1.262953 -0.000000 -0.000001 -0.592079 1.417311 -0.637209
 48 0.919429 0.000002 -0.000000 0.132824 1.180916 0.124669
 49 3.167420 0.097638 -1.197363 -1.577201 0.079890 -0.593938
 50 0.817882 -0.000000 -0.000001 -0.164298 1.212571 -0.146163
 51 0.708995 0.000002 -0.000000 0.062061 0.898421 -0.028374
 52 3.414728 0.449902 0.223654 -1.580784 0.013019 -0.654459
 53 1.390922 0.000002 -0.000001 0.005510 1.543565 0.018246
 54 0.906347 -0.000000 0.000001 -0.006062 0.824979 -0.045570
 55 2.457049 0.024849 0.014096 0.000073 -0.005736 0.010114
 56 3.525410 0.419243 0.945132 -1.571888 -0.021860 -0.078400
 57 1.209882 -0.000002 -0.000000 -0.003943 0.519687 0.018610
 58 0.743920 0.000000 -0.000000 0.001656 0.537959 0.092843
 59 8.136639 0.000000 -0.000002 1.570797 -0.032533 -0.000000
 60 0.293091 -12.740252 -4.913635 -0.949415 -1.334843 1.470039
 61 0.008386 -0.048311 -0.069476 0.000000 -0.000000 -0.000000
time 36
  0 2.173271 -12.276089 -3.034289 -0.005502 -0.026409 -0.018920
  1 0.250197 -3.917489 -0.099874 0.000000 0.000000 0.000000
  2 0.337618 4.930951 0.877138 0.000000 0.000000 0.000000
  3 0.249743 5.375676 -0.431249 0.000000 0.000000 0.000000
  4 -2.477793 12.401385 4.136672 0.000000 0.000000 0.000000
  5 0.241868 9.046294 0.896507 0.000000 0.000000 0.000000
  6 0.000303 8.159075 -1.557892 0.000000 0.000000 0.000000
  7 0.246663 7.851890 -0.926848 0.000000 0.000000 0.000000
  8 -2.477793 12.401385 4.136672 0.000000 0.000000 0.000000
  9 -0.000000 -0.000000 0.000000 0.000000 0.000000 0.000000
 10 0.000000 -15.653315 -6.600977 0.000000 0.000000 0.000000
 11 4.101416 -0.059074 -5.430156 -0.059245 -0.038554 -0.236906
 12 -0.000000 0.000000 0.000000 0.000000 0.000000 0.000000
 13 -2.636130 0.330815 -2.304476 0.000000 -1.226559 0.000000
 14 -0.000000 0.000000 -0.000000 1.397018 0.268882 -2.259615
 15 8.403362 -0.000000 -0.000001 0.000000 1.141465 0.000000
 16 8.136638 0.000000 -0.000000 -1.570796 -0.032553 -0.000000
 17 8.136637 0.000008 0.000005 -1.389552 -0.110144 -0.201010
 18 1.369795 0.361443 1.237272 1.175075 -0.347333 0.479992
 19 1.320667 -0.000000 -0.000000 0.201328 -0.139079 -0.045485
 20 1.066026 0.000000 0.000001 -0.014471 -0.113783 0.196807
 21 1.039344 -0.000001 0.000000 1.325744 0.991426 2.013611
 22 2.457048 -0.024848 0.014094 -0.000072 -0.005736 -0.010113
 23 3.525409 -0.419243 0.945131 1.648473 0.052800 0.007770
 24 1.209883 -0.000000 0.000000 0.003943 0.285298 -0.018611
 25 0.743917 -0.000000 -0.000000 -0.001656 1.148181 -0.092843
 26 0.794889 0.000000 0.000000 -0.000005 0.704556 -0.000608
 27 3.414728 -0.449902 0.223652 1.693617 0.046763 0.558369
 28 1.390921 -0.000001 -0.000001 -0.004769 1.284870 -0.018048
 29 0.906346 0.000000 0.000000 0.006062 -0.433838 0.045570
 30 0.776325 -0.000001 0.000000 0.001079 0.866577 0.033798
 31 3.289557 -0.311001 -0.505977 1.762164 0.112217 0.757107
 32 1.262953 -0.000000 0.000000 0.410302 1.354679 0.453063
 33 0.919429 -0.000000 -0.000000 -0.052499 -0.297525 0.013980
 34 0.803004 -0.000001 -0.000001 -0.163064 1.145489 -1.117549
 35 3.167419 -0.097638 -1.197365 1.832995 -0.038354 1.129403
 36 0.817884 0.000000 0.000000 0.142196 1.147469 0.122418
 37 0.708995 -0.000000 0.000000 -0.039911 -0.253101 0.086949
 38 0.794783 -0.000000 -0.000000 -1.042950 1.141227 -1.966856
 39 5.566999 5.667288 -3.006967 0.000000 0.000000 0.000000
 40 0.000000 0.000000 0.000000 -1.214889 0.160604 -0.656808
 41 8.403363 0.000000 -0.000001 -0.000000 2.348147 -0.000000
 42 8.136637 -0.000008 0.000003 2.419527 -0.986198 -0.882616
 43 1.369793 -0.361443 1.237272 -1.127491 0.097656 -0.579344
 44 1.320668 0.000001 -0.000000 -0.218662 -0.109509 0.185068
 45 1.066023 -0.000000 0.000000 -0.025949 -0.111735 0.158666
 46 3.289558 0.311001 -0.505976 -1.569928 0.064069 -0.677339
 47 1.262953 0.000000 -0.000001 -0.592079 1.417310 -0.637208
 48 0.919429 0.000002 -0.000000 0.132824 1.180916 0.124669
 49 3.167420 0.097638 -1.197363 -1.577201 0.079890 -0.593938
 50 0.817882 0.000000 -0.000001 -0.164298 1.212571 -0.146163
 51 0.708995 0.000002 -0.000000 0.062061 0.898421 -0.028374
 52 3.414728 0.449902 0.223654 -1.580784 0.013019 -0.654459
 53 1.390922 0.000002 -0.000000 0.005510 1.543565 0.018246
 54 0.906348 0.000000 0.000001 -0.006062 0.824979 -0.045570
 55 2.457049 0.024849 0.014096 0.000073 -0.005736 0.010114
 56 3.525410 0.419243 0.945133 -1.571888 -0.021860 -0.078400
 57 1.209882 -0.000002 -0.000000 -0.003943 0.519687 0.018610
 58 0.743920 -0.000000 -0.000000 0.001656 0.537959 0.092843
 59 8.136638 -0.000000 -0.000002 1.570797 -0.032533 -0.000000
 60 0.921422 -12.812716 -5.082541 -0.650326 -1.341458 1.225311
 61 0.008386 -0.048311 -0.069476 -0.000000 0.000000 -0.000000
time 37
  0 2.454050 -12.299569 -3.123764 0.000000 0.000000 0.000000
  1 0.250197 -3.917489 -0.099874 0.000000 0.000000 0.000000
  2 0.337618 4.930951 0.877138 0.000000 0.000000 0.000000
  3 0.249743 5.375676 -0.431249 0.000000 0.000000 0.000000
  4 -2.477793 12.401384 4.136672 0.000000 0.000000 0.000000
  5 0.241868 9.046293 0.896507 0.000000 0.000000 0.000000
  6 0.000303 8.159075 -1.557892 0.000000 0.000000 0.000000
  7 0.246664 7.851890 -0.926848 0.000000 0.000000 0.000000
  8 -2.477793 12.401384 4.136672 0.000000 0.000000 0.000000
  9 0.000000 0.000000 0.000000 0.000000 0.000000 0.000000
 10 0.000000 -15.653315 -6.600977 0.000000 0.000000 0.000000
 11 4.086855 -0.035025 -5.496159 -0.059584 -0.011580 -0.217905
 12 -0.000000 -0.000000 -0.000000 0.000000 0.000000 0.000000
 13 -2.636130 0.330815 -2.304476 0.000000 -1.226559 0.000000
 14 -0.000000 0.000000 -0.000000 1.391307 0.284196 -2.248058
 15 8.403362 0.000000 -0.000001 -0.000000 1.117358 -0.000000
 16 8.136638 -0.000000 -0.000000 -1.570796 -0.032553 0.000000
 17 8.136637 0.000008 0.000005 -1.411284 -0.112305 -0.213957
 18 1.369795 0.361443 1.237272 1.175075 -0.347333 0.479992
 19 1.320667 -0.000000 -0.000000 0.201328 -0.139079 -0.045485
 20 1.066026 0.000000 0.000000 -0.014471 -0.113783 0.196807
 21 1.039343 -0.000001 0.000000 1.325745 0.991426 2.013611
 22 2.457048 -0.024848 0.014094 -0.000072 -0.005736 -0.010113
 23 3.525409 -0.419242 0.945131 1.648473 0.052800 0.007770
 24 1.209883 0.000000 -0.000000 0.003943 0.285298 -0.018611
 25 0.743918 0.000001 0.000000 -0.001656 1.148181 -0.092843
 26 0.794889 -0.000000 -0.000000 -0.000005 0.704556 -0.000608
 27 3.414727 -0.449902 0.223652 1.693617 0.046763 0.558369
 28 1.390921 -0.000000 -0.000000 -0.004769 1.284870 -0.018048
 29 0.906346 0.000000 0.000000 0.006062 -0.433839 0.045570
 30 0.776324 -0.000000 0.000000 0.001079 0.866577 0.033798
 31 3.289557 -0.311001 -0.505976 1.762164 0.112217 0.757107
 32 1.262952 -0.000001 0.000000 0.410302 1.354679 0.453063
 33 0.919429 -0.000000 0.000000 -0.052499 -0.297525 0.013980
 34 0.803004 -0.000000 -0.000001 -0.163064 1.145489 -1.117549
 35 3.167418 -0.097637 -1.197365 1.832995 -0.038354 1.129404
 36 0.817884 -0.000001 -0.000001 0.142196 1.147469 0.122418
 37 0.708994 0.000000 0.000000 -0.039911 -0.253101 0.086949
 38 0.794783 -0.000001 -0.000000 -1.042950 1.141227 -1.966856
 39 5.566999 5.667288 -3.006967 0.000000 0.000000 0.000000
 40 0.000000 0.000000 0.000000 -1.204980 0.164989 -0.659017
 41 8.403363 0.000000 -0.000001 0.000000 2.347157 0.000000
 42 8.136636 -0.000008 0.000003 2.432659 -0.992837 -0.929069
 43 1.369793 -0.361443 1.237272 -1.127491 0.097656 -0.579344
 44 1.320668 0.000001 -0.000001 -0.218662 -0.109509 0.185068
 45 1.066023 0.000000 0.000000 -0.025948 -0.111735 0.158666
 46 3.289559 0.311001 -0.505976 -1.569928 0.064069 -0.677339
 47 1.262953 0.000000 -0.000001 -0.592079 1.417311 -0.637209
 48 0.919429 0.000002 -0.000000 0.132824 1.180916 0.124669
 49 3.167420 0.097638 -1.197364 -1.577201 0.079890 -0.593938
 50 0.817882 -0.000000 -0.000001 -0.164298 1.212571 -0.146163
 51 0.708995 0.000002 -0.000000 0.062061 0.898421 -0.028374
 52 3.414728 0.449902 0.223654 -1.580784 0.013019 -0.654459
 53 1.390922 0.000002 -0.000001 0.005510 1.543565 0.018246
 54 0.906347 0.000000 0.000001 -0.006062 0.824979 -0.045570
 55 2.457049 0.024849 0.014095 0.000073 -0.005736 0.010114
 56 3.525410 0.419243 0.945132 -1.571888 -0.021860 -0.078400
 57 1.209882 -0.000002 -0.000000 -0.003943 0.519687 0.018610
 58 0.743920 0.000000 -0.000000 0.001656 0.537959 0.092843
 59 8.136639 -0.000000 -0.000002 1.570797 -0.032533 -0.000000
 60 1.158924 -12.848692 -5.141571 -0.534646 -1.336689 1.131709
 61 0.008386 -0.048311 -0.069476 -0.000000 -0.000000 -0.000000
end
